Workbook

Sheet Summary Data
A1: Comments and Notes | D1: Year | E1: Population Estimate | F1: Peak Count | G1: Annual AUC (fish days) | H1: OE Adj Peak / population ratio | I1: Survey 1 | M1: Survey 2 | R1: Survey 3 | W1: Survey 4 | AB1: Survey 5 | AG1: Survey 6 | AL1: Survey 7 | AQ1: Survey 8
I2: Observer Estimate | J2: Corrected Observer Estimate | K2: Date | L2: Stat. Day | M2: Observer Estimate | N2: Corrected Observer Estimate | O2: Date | P2: Stat. Day | Q2: Partial Area | R2: Observer Estimate | S2: Corrected Observer Estimate | T2: Date | U2: Stat. Day | V2: Partial Area | W2: Observer Estimate | X2: Corrected Observer Estimate | Y2: Date | Z2: Stat. Day | AA2: Partial Area | AB2: Observer Estimate | AC2: Corrected Observer Estimate | AD2: Date | AE2: Stat. Day | AF2: Partial Area | AG2: Observer Estimate | AH2: Corrected Observer Estimate | AI2: Date | AJ2: Stat. Day | AK2: Partial Area | AL2: Observer Estimate | AM2: Corrected Observer Estimate | AN2: Date | AO2: Stat. Day | AP2: Partial Area | AQ2: Observer Estimate | AR2: Corrected Observer Estimate | AS2: Date | AT2: Stat. Day | AU2: Partial Area
D3: 1982 | E3: =IF(G3/50 = 0, "", G3/50) -> 507.27273 | F3: =IF(MAX(J3,N3,S3,X3,AC3,AH3) = 0, "", MAX(J3,N3,S3,X3,AC3,AH3)) -> 338.18182 | G3: =IF(SUM(V3) = 0, "", SUM(V3)) -> 25363.636 | H3: =IF(E3/F3 = 0, "", E3/F3) -> 1.5 | I3: 0 | J3: =I3/0.55 -> 0 | K3: 29952 | L3: =K3-DATE(YEAR(K3),1,1)+1 -> 1 | M3: 186 | N3: =(M3*1.81818182) -> 338.18182 | O3: 30063 | P3: =O3-DATE(YEAR(O3),1,1)+1 -> 112 | R3: 0 | S3: 0 | T3: 30102 | U3: =T3-DATE(YEAR(T3),1,1)+1 -> 151 | V3: =((N3+I3)/2)*(U3-L3) -> 25363.636
D4: 1983 | E4: =IF(G4/50 = 0, "", G4/50) -> 839.40198 | F4: =IF(MAX(J4,N4,S4,X4,AC4,AH4) = 0, "", MAX(J4,N4,S4,X4,AC4,AH4)) -> 593.43749 | G4: =SUMIF($Q$2:$AU$2, "Partial Area", $Q4:$AU4) -> 41970.099 | H4: =IF(E4/F4 = 0, "", E4/F4) -> 1.4144741 | I4: 0 | J4: =I4/0.55 -> 0 | K4: 30317 | L4: =K4-DATE(YEAR(K4),1,1)+1 -> 1 | M4: 213 | N4: =(M4*1.81818182) -> 387.27273 | O4: 30399 | P4: =O4-DATE(YEAR(O4),1,1)+1 -> 83 | Q4: =((N4+J4)/2)*(P4-L4) -> 15878.182 | R4: 302.5641 | S4: =(R4*1.81818182) -> 550.11655 | T4: 30419 | U4: =T4-DATE(YEAR(T4),1,1)+1 -> 103 | V4: =((S4+N4)/2)*(U4-P4) -> 9373.8928 | W4: 326.39062 | X4: =(W4*1.81818182) -> 593.43749 | Y4: 30428 | Z4: =Y4-DATE(YEAR(Y4),1,1)+1 -> 112 | AA4: =((X4+S4)/2)*(Z4-U4) -> 5145.9932 | AB4: 0 | AC4: =(AB4*1.81818182) -> 0 | AD4: 30467 | AE4: =AD4-DATE(YEAR(AD4),1,1)+1 -> 151 | AF4: =((AC4+X4)/2)*(AE4-Z4) -> 11572.031
D5: 1984 | E5: =IF(G5/50 = 0, "", G5/50) -> 988.31082 | F5: =IF(MAX(J5,N5,S5,X5,AC5,AH5) = 0, "", MAX(J5,N5,S5,X5,AC5,AH5)) -> 646.56687 | G5: =SUMIF($Q$2:$AU$2, "Partial Area", $Q5:$AU5) -> 49415.541 | H5: =IF(E5/F5 = 0, "", E5/F5) -> 1.5285516 | I5: 0 | J5: =I5/0.55 -> 0 | K5: 30682 | L5: =K5-DATE(YEAR(K5),1,1)+1 -> 1 | M5: 298 | N5: =(M5*1.81818182) -> 541.81818 | O5: 30774 | P5: =O5-DATE(YEAR(O5),1,1)+1 -> 93 | Q5: =((N5+J5)/2)*(P5-L5) -> 24923.636 | R5: 355.61178 | S5: =(R5*1.81818182) -> 646.56687 | T5: 30794 | U5: =T5-DATE(YEAR(T5),1,1)+1 -> 113 | V5: =((S5+N5)/2)*(U5-P5) -> 11883.851 | W5: 0 | X5: =(W5*1.81818182) -> 0 | Y5: 30833 | Z5: =Y5-DATE(YEAR(Y5),1,1)+1 -> 152 | AA5: =((X5+S5)/2)*(Z5-U5) -> 12608.054
D6: 1985 | E6: =IF(G6/50 = 0, "", G6/50) -> 1421.6107 | F6: =IF(MAX(J6,N6,S6,X6,AC6,AH6) = 0, "", MAX(J6,N6,S6,X6,AC6,AH6)) -> 942.09421 | G6: =SUMIF($Q$2:$AU$2, "Partial Area", $Q6:$AU6) -> 71080.537 | H6: =IF(E6/F6 = 0, "", E6/F6) -> 1.50899 | I6: 0 | J6: =I6/0.55 -> 0 | K6: 31048 | L6: =K6-DATE(YEAR(K6),1,1)+1 -> 1 | M6: 471 | N6: =(M6*1.81818182) -> 856.36364 | O6: 31148 | P6: =O6-DATE(YEAR(O6),1,1)+1 -> 101 | Q6: =((N6+J6)/2)*(P6-L6) -> 42818.182 | R6: 518.15181 | S6: =(R6*1.81818182) -> 942.09421 | T6: 31159 | U6: =T6-DATE(YEAR(T6),1,1)+1 -> 112 | V6: =((S6+N6)/2)*(U6-P6) -> 9891.5182 | W6: 0 | X6: =(W6*1.81818182) -> 0 | Y6: 31198 | Z6: =Y6-DATE(YEAR(Y6),1,1)+1 -> 151 | AA6: =((X6+S6)/2)*(Z6-U6) -> 18370.837
D7: 1986 | E7: =IF(G7/50 = 0, "", G7/50) -> 601.60452 | F7: =IF(MAX(J7,N7,S7,X7,AC7,AH7) = 0, "", MAX(J7,N7,S7,X7,AC7,AH7)) -> 398.34969 | G7: =SUMIF($Q$2:$AU$2, "Partial Area", $Q7:$AU7) -> 30080.226 | H7: =IF(E7/F7 = 0, "", E7/F7) -> 1.5102422 | I7: 0 | J7: =I7/0.55 -> 0 | K7: 31413 | L7: =K7-DATE(YEAR(K7),1,1)+1 -> 1 | M7: 79 | N7: =(M7*1.81818182) -> 143.63636 | O7: 31452 | P7: =O7-DATE(YEAR(O7),1,1)+1 -> 40 | Q7: =((N7+J7)/2)*(P7-L7) -> 2800.9091 | R7: 219.09233 | S7: =(R7*1.81818182) -> 398.34969 | T7: 31524 | U7: =T7-DATE(YEAR(T7),1,1)+1 -> 112 | V7: =((S7+N7)/2)*(U7-P7) -> 19511.498 | W7: 0 | X7: =(W7*1.81818182) -> 0 | Y7: 31563 | Z7: =Y7-DATE(YEAR(Y7),1,1)+1 -> 151 | AA7: =((X7+S7)/2)*(Z7-U7) -> 7767.819
D8: 1987 | E8: =IF(G8/50 = 0, "", G8/50) -> 1193.7008 | F8: =IF(MAX(J8,N8,S8,X8,AC8,AH8) = 0, "", MAX(J8,N8,S8,X8,AC8,AH8)) -> 818.05711 | G8: =SUMIF($Q$2:$AU$2, "Partial Area", $Q8:$AU8) -> 59685.038 | H8: =IF(E8/F8 = 0, "", E8/F8) -> 1.45919 | I8: 0 | J8: =I8/0.55 -> 0 | K8: 31778 | L8: =K8-DATE(YEAR(K8),1,1)+1 -> 1 | M8: 328 | N8: =(M8*1.81818182) -> 596.36364 | O8: 31863 | P8: =O8-DATE(YEAR(O8),1,1)+1 -> 86 | Q8: =((N8+J8)/2)*(P8-L8) -> 25345.455 | R8: 449.93141 | S8: =(R8*1.81818182) -> 818.05711 | T8: 31889 | U8: =T8-DATE(YEAR(T8),1,1)+1 -> 112 | V8: =((S8+N8)/2)*(U8-P8) -> 18387.47 | W8: 0 | X8: =(W8*1.81818182) -> 0 | Y8: 31928 | Z8: =Y8-DATE(YEAR(Y8),1,1)+1 -> 151 | AA8: =((X8+S8)/2)*(Z8-U8) -> 15952.114
D9: 1988 | E9: =IF(G9/50 = 0, "", G9/50) -> 1399.7982 | F9: =IF(MAX(J9,N9,S9,X9,AC9,AH9) = 0, "", MAX(J9,N9,S9,X9,AC9,AH9)) -> 920.86033 | G9: =SUMIF($Q$2:$AU$2, "Partial Area", $Q9:$AU9) -> 69989.908 | H9: =IF(E9/F9 = 0, "", E9/F9) -> 1.5200982 | I9: 0 | J9: =I9/0.55 -> 0 | K9: 32143 | L9: =K9-DATE(YEAR(K9),1,1)+1 -> 1 | M9: 251 | N9: =(M9*1.81818182) -> 456.36364 | O9: 32197 | P9: =O9-DATE(YEAR(O9),1,1)+1 -> 55 | Q9: =((N9+J9)/2)*(P9-L9) -> 12321.818 | R9: 506.47318 | S9: =(R9*1.81818182) -> 920.86033 | T9: 31524 | U9: =T9-DATE(YEAR(T9),1,1)+1 -> 112 | V9: =((S9+N9)/2)*(U9-P9) -> 39250.883 | W9: 0 | X9: =(W9*1.81818182) -> 0 | Y9: 32294 | Z9: =Y9-DATE(YEAR(Y9),1,1)+1 -> 152 | AA9: =((X9+S9)/2)*(Z9-U9) -> 18417.207
D10: 1989 | E10: =IF(G10/50 = 0, "", G10/50) -> 278.233 | F10: =IF(MAX(J10,N10,S10,X10,AC10,AH10) = 0, "", MAX(J10,N10,S10,X10,AC10,AH10)) -> 148.14815 | G10: =SUMIF($Q$2:$AU$2, "Partial Area", $Q10:$AU10) -> 13911.65 | H10: =IF(E10/F10 = 0, "", E10/F10) -> 1.8780727 | I10: 0 | J10: =I10/0.55 -> 0 | K10: 32509 | L10: =K10-DATE(YEAR(K10),1,1)+1 -> 1 | M10: 80 | N10: =(M10*1.81818182) -> 145.45455 | O10: 32548 | P10: =O10-DATE(YEAR(O10),1,1)+1 -> 40 | Q10: =((N10+J10)/2)*(P10-L10) -> 2836.3636 | R10: 44 | S10: =(R10*1.81818182) -> 80 | T10: 32568 | U10: =T10-DATE(YEAR(T10),1,1)+1 -> 60 | V10: =((S10+N10)/2)*(U10-P10) -> 2254.5455 | W10: 81.481481 | X10: =(W10*1.81818182) -> 148.14815 | Y10: 32620 | Z10: =Y10-DATE(YEAR(Y10),1,1)+1 -> 112 | AA10: =((X10+S10)/2)*(Z10-U10) -> 5931.8519 | AB10: 0 | AC10: =(AB10*1.81818182) -> 0 | AD10: 32659 | AE10: =AD10-DATE(YEAR(AD10),1,1)+1 -> 151 | AF10: =((AC10+X10)/2)*(AE10-Z10) -> 2888.8889
D11: 1990 | E11: =IF(G11/50 = 0, "", G11/50) -> 536.71111 | F11: =IF(MAX(J11,N11,S11,X11,AC11,AH11) = 0, "", MAX(J11,N11,S11,X11,AC11,AH11)) -> 355.55556 | G11: =SUMIF($Q$2:$AU$2, "Partial Area", $Q11:$AU11) -> 26835.556 | H11: =IF(E11/F11 = 0, "", E11/F11) -> 1.5095 | I11: 0 | J11: =I11/0.55 -> 0 | K11: 32874 | L11: =K11-DATE(YEAR(K11),1,1)+1 -> 1 | M11: 88 | N11: =(M11*1.81818182) -> 160 | O11: 32923 | P11: =O11-DATE(YEAR(O11),1,1)+1 -> 50 | Q11: =((N11+J11)/2)*(P11-L11) -> 3920 | R11: 195.55556 | S11: =(R11*1.81818182) -> 355.55556 | T11: 32985 | U11: =T11-DATE(YEAR(T11),1,1)+1 -> 112 | V11: =((S11+N11)/2)*(U11-P11) -> 15982.222 | W11: 0 | X11: =(W11*1.81818182) -> 0 | Y11: 33024 | Z11: =Y11-DATE(YEAR(Y11),1,1)+1 -> 151 | AA11: =((X11+S11)/2)*(Z11-U11) -> 6933.3333
D12: 1991 | E12: =IF(G12/50 = 0, "", G12/50) -> 238.57181 | F12: =IF(MAX(J12,N12,S12,X12,AC12,AH12) = 0, "", MAX(J12,N12,S12,X12,AC12,AH12)) -> 147.53692 | G12: =SUMIF($Q$2:$AU$2, "Partial Area", $Q12:$AU12) -> 11928.59 | H12: =IF(E12/F12 = 0, "", E12/F12) -> 1.6170312 | I12: 0 | J12: =I12/0.55 -> 0 | K12: 33239 | L12: =K12-DATE(YEAR(K12),1,1)+1 -> 1 | M12: 34 | N12: =(M12*1.81818182) -> 61.818182 | O12: 33267 | P12: =O12-DATE(YEAR(O12),1,1)+1 -> 29 | Q12: =((N12+J12)/2)*(P12-L12) -> 865.45455 | R12: 59.15493 | S12: =(R12*1.81818182) -> 107.55442 | T12: 33323 | U12: =T12-DATE(YEAR(T12),1,1)+1 -> 85 | V12: =((S12+N12)/2)*(U12-P12) -> 4742.4328 | W12: 81.145308 | X12: =(W12*1.81818182) -> 147.53692 | Y12: 33350 | Z12: =Y12-DATE(YEAR(Y12),1,1)+1 -> 112 | AA12: =((X12+S12)/2)*(Z12-U12) -> 3443.7331 | AB12: 0 | AC12: =(AB12*1.81818182) -> 0 | AD12: 33389 | AE12: =AD12-DATE(YEAR(AD12),1,1)+1 -> 151 | AF12: =((AC12+X12)/2)*(AE12-Z12) -> 2876.97
D13: 1992 | E13: =IF(G13/50 = 0, "", G13/50) -> 507.68161 | F13: =IF(MAX(J13,N13,S13,X13,AC13,AH13) = 0, "", MAX(J13,N13,S13,X13,AC13,AH13)) -> 332.626 | G13: =SUMIF($Q$2:$AU$2, "Partial Area", $Q13:$AU13) -> 25384.08 | H13: =IF(E13/F13 = 0, "", E13/F13) -> 1.5262836 | I13: 0 | J13: =I13/0.55 -> 0 | K13: 33604 | L13: =K13-DATE(YEAR(K13),1,1)+1 -> 1 | M13: 117 | N13: =(M13*1.81818182) -> 212.72727 | O13: 33674 | P13: =O13-DATE(YEAR(O13),1,1)+1 -> 71 | Q13: =((N13+J13)/2)*(P13-L13) -> 7445.4546 | R13: 182.9443 | S13: =(R13*1.81818182) -> 332.626 | T13: 33716 | U13: =T13-DATE(YEAR(T13),1,1)+1 -> 113 | V13: =((S13+N13)/2)*(U13-P13) -> 11452.419 | W13: 0 | X13: =(W13*1.81818182) -> 0 | Y13: 33755 | Z13: =Y13-DATE(YEAR(Y13),1,1)+1 -> 152 | AA13: =((X13+S13)/2)*(Z13-U13) -> 6486.207
D14: 1993 | E14: =IF(G14/50 = 0, "", G14/50) -> 224.58972 | F14: =IF(MAX(J14,N14,S14,X14,AC14,AH14) = 0, "", MAX(J14,N14,S14,X14,AC14,AH14)) -> 183.63636 | G14: =SUMIF($Q$2:$AU$2, "Partial Area", $Q14:$AU14) -> 11229.486 | H14: =IF(E14/F14 = 0, "", E14/F14) -> 1.2230133 | I14: 0 | J14: =I14/0.55 -> 0 | K14: 33970 | L14: =K14-DATE(YEAR(K14),1,1)+1 -> 1 | M14: 101 | N14: =(M14*1.81818182) -> 183.63636 | O14: 34025 | P14: =O14-DATE(YEAR(O14),1,1)+1 -> 56 | Q14: =((N14+J14)/2)*(P14-L14) -> 5050 | R14: 14.141414 | S14: =(R14*1.81818182) -> 25.711662 | T14: 34079 | U14: =T14-DATE(YEAR(T14),1,1)+1 -> 110 | V14: =((S14+N14)/2)*(U14-P14) -> 5652.3967 | W14: 0 | X14: =(W14*1.81818182) -> 0 | Y14: 34120 | Z14: =Y14-DATE(YEAR(Y14),1,1)+1 -> 151 | AA14: =((X14+S14)/2)*(Z14-U14) -> 527.08907
D15: 1994 | E15: =IF(G15/50 = 0, "", G15/50) -> 86.655453 | F15: =IF(MAX(J15,N15,S15,X15,AC15,AH15) = 0, "", MAX(J15,N15,S15,X15,AC15,AH15)) -> 59.717326 | G15: =SUMIF($Q$2:$AU$2, "Partial Area", $Q15:$AU15) -> 4332.7726 | H15: =IF(E15/F15 = 0, "", E15/F15) -> 1.451094 | I15: 0 | J15: =I15/0.55 -> 0 | K15: 34335 | L15: =K15-DATE(YEAR(K15),1,1)+1 -> 1 | M15: 24 | N15: =(M15*1.81818182) -> 43.636364 | O15: 34421 | P15: =O15-DATE(YEAR(O15),1,1)+1 -> 87 | Q15: =((N15+J15)/2)*(P15-L15) -> 1876.3636 | R15: 32.844529 | S15: =(R15*1.81818182) -> 59.717326 | T15: 34446 | U15: =T15-DATE(YEAR(T15),1,1)+1 -> 112 | V15: =((S15+N15)/2)*(U15-P15) -> 1291.9211 | W15: 0 | X15: =(W15*1.81818182) -> 0 | Y15: 34485 | Z15: =Y15-DATE(YEAR(Y15),1,1)+1 -> 151 | AA15: =((X15+S15)/2)*(Z15-U15) -> 1164.4879
D16: 1995 | E16: =IF(G16/50 = 0, "", G16/50) -> 258.28365 | F16: =IF(MAX(J16,N16,S16,X16,AC16,AH16) = 0, "", MAX(J16,N16,S16,X16,AC16,AH16)) -> 170.7213 | G16: =SUMIF($Q$2:$AU$2, "Partial Area", $Q16:$AU16) -> 12914.183 | H16: =IF(E16/F16 = 0, "", E16/F16) -> 1.5128965 | I16: 0 | J16: =I16/0.55 -> 0 | K16: 34700 | L16: =K16-DATE(YEAR(K16),1,1)+1 -> 1 | M16: 51 | N16: =(M16*1.81818182) -> 92.727273 | O16: 34759 | P16: =O16-DATE(YEAR(O16),1,1)+1 -> 60 | Q16: =((N16+J16)/2)*(P16-L16) -> 2735.4545 | R16: 93.896714 | S16: =(R16*1.81818182) -> 170.7213 | T16: 34811 | U16: =T16-DATE(YEAR(T16),1,1)+1 -> 112 | V16: =((S16+N16)/2)*(U16-P16) -> 6849.6628 | W16: 0 | X16: =(W16*1.81818182) -> 0 | Y16: 34850 | Z16: =Y16-DATE(YEAR(Y16),1,1)+1 -> 151 | AA16: =((X16+S16)/2)*(Z16-U16) -> 3329.0653
D17: 1996 | E17: =IF(G17/50 = 0, "", G17/50) -> 152.97272 | F17: =IF(MAX(J17,N17,S17,X17,AC17,AH17) = 0, "", MAX(J17,N17,S17,X17,AC17,AH17)) -> 105.38352 | G17: =SUMIF($Q$2:$AU$2, "Partial Area", $Q17:$AU17) -> 7648.6362 | H17: =IF(E17/F17 = 0, "", E17/F17) -> 1.4515811 | I17: 0 | J17: =I17/0.55 -> 0 | K17: 35065 | L17: =K17-DATE(YEAR(K17),1,1)+1 -> 1 | M17: 42 | N17: =(M17*1.81818182) -> 76.363636 | O17: 35152 | P17: =O17-DATE(YEAR(O17),1,1)+1 -> 88 | Q17: =((N17+J17)/2)*(P17-L17) -> 3321.8182 | R17: 57.960934 | S17: =(R17*1.81818182) -> 105.38352 | T17: 35177 | U17: =T17-DATE(YEAR(T17),1,1)+1 -> 113 | V17: =((S17+N17)/2)*(U17-P17) -> 2271.8394 | W17: 0 | X17: =(W17*1.81818182) -> 0 | Y17: 35216 | Z17: =Y17-DATE(YEAR(Y17),1,1)+1 -> 152 | AA17: =((X17+S17)/2)*(Z17-U17) -> 2054.9786
D18: 1998 | E18: =IF(G18/50 = 0, "", G18/50) -> 25.988765 | F18: =IF(MAX(J18,N18,S18,X18,AC18,AH18) = 0, "", MAX(J18,N18,S18,X18,AC18,AH18)) -> 18.065746 | G18: =SUMIF($Q$2:$AU$2, "Partial Area", $Q18:$AU18) -> 1299.4383 | H18: =IF(E18/F18 = 0, "", E18/F18) -> 1.4385659 | I18: 0 | J18: =I18/0.55 -> 0 | K18: 35796 | L18: =K18-DATE(YEAR(K18),1,1)+1 -> 1 | M18: 5 | N18: =(M18*1.81818182) -> 9.0909091 | O18: 35858 | P18: =O18-DATE(YEAR(O18),1,1)+1 -> 63 | Q18: =((N18+J18)/2)*(P18-L18) -> 281.81818 | R18: 9.9361602 | S18: =(R18*1.81818182) -> 18.065746 | T18: 35907 | U18: =T18-DATE(YEAR(T18),1,1)+1 -> 112 | V18: =((S18+N18)/2)*(U18-P18) -> 665.33804 | W18: 0 | X18: =(W18*1.81818182) -> 0 | Y18: 35946 | Z18: =Y18-DATE(YEAR(Y18),1,1)+1 -> 151 | AA18: =((X18+S18)/2)*(Z18-U18) -> 352.28204
D19: 1999 | E19: =IF(G19/50 = 0, "", G19/50) -> 265.06964 | F19: =IF(MAX(J19,N19,S19,X19,AC19,AH19) = 0, "", MAX(J19,N19,S19,X19,AC19,AH19)) -> 212.65284 | G19: =SUMIF($Q$2:$AU$2, "Partial Area", $Q19:$AU19) -> 13253.482 | H19: =IF(E19/F19 = 0, "", E19/F19) -> 1.24649 | I19: 0 | J19: =I19/0.55 -> 0 | K19: 36161 | L19: =K19-DATE(YEAR(K19),1,1)+1 -> 1 | M19: 40 | N19: =(M19*1.81818182) -> 72.727273 | O19: 36227 | P19: =O19-DATE(YEAR(O19),1,1)+1 -> 67 | Q19: =((N19+J19)/2)*(P19-L19) -> 2400 | R19: 100 | S19: =(R19*1.81818182) -> 181.81818 | T19: 36258 | U19: =T19-DATE(YEAR(T19),1,1)+1 -> 98 | V19: =((S19+N19)/2)*(U19-P19) -> 3945.4545 | W19: 116.95906 | X19: =(W19*1.81818182) -> 212.65284 | Y19: 36272 | Z19: =Y19-DATE(YEAR(Y19),1,1)+1 -> 112 | AA19: =((X19+S19)/2)*(Z19-U19) -> 2761.2972 | AB19: 0 | AC19: =(AB19*1.81818182) -> 0 | AD19: 36311 | AE19: =AD19-DATE(YEAR(AD19),1,1)+1 -> 151 | AF19: =((AC19+X19)/2)*(AE19-Z19) -> 4146.7305
D20: 2000 | E20: =IF(G20/50 = 0, "", G20/50) -> 49.51579 | F20: =IF(MAX(J20,N20,S20,X20,AC20,AH20) = 0, "", MAX(J20,N20,S20,X20,AC20,AH20)) -> 32.822967 | G20: =SUMIF($Q$2:$AU$2, "Partial Area", $Q20:$AU20) -> 2475.7895 | H20: =IF(E20/F20 = 0, "", E20/F20) -> 1.5085714 | I20: 0 | J20: =I20/0.55 -> 0 | K20: 36526 | L20: =K20-DATE(YEAR(K20),1,1)+1 -> 1 | M20: 14 | N20: =(M20*1.81818182) -> 25.454545 | O20: 36613 | P20: =O20-DATE(YEAR(O20),1,1)+1 -> 88 | Q20: =((N20+J20)/2)*(P20-L20) -> 1107.2727 | R20: 18.052632 | S20: =(R20*1.81818182) -> 32.822967 | T20: 36638 | U20: =T20-DATE(YEAR(T20),1,1)+1 -> 113 | V20: =((S20+N20)/2)*(U20-P20) -> 728.4689 | W20: 0 | X20: =(W20*1.81818182) -> 0 | Y20: 36677 | Z20: =Y20-DATE(YEAR(Y20),1,1)+1 -> 152 | AA20: =((X20+S20)/2)*(Z20-U20) -> 640.04785 | AE20: =AD20-DATE(YEAR(AD20),1,1)+1 -> 0
D21: 2001 | E21: =IF(G21/50 = 0, "", G21/50) -> 233.7681 | F21: =IF(MAX(J21,N21,S21,X21,AC21,AH21) = 0, "", MAX(J21,N21,S21,X21,AC21,AH21)) -> 138.18182 | G21: =SUMIF($Q$2:$AU$2, "Partial Area", $Q21:$AU21) -> 11688.405 | H21: =IF(E21/F21 = 0, "", E21/F21) -> 1.6917429 | I21: 0 | J21: =I21/0.55 -> 0 | K21: 36892 | L21: =K21-DATE(YEAR(K21),1,1)+1 -> 1 | M21: 76 | N21: =(M21*1.81818182) -> 138.18182 | O21: 36962 | P21: =O21-DATE(YEAR(O21),1,1)+1 -> 71 | Q21: =((N21+J21)/2)*(P21-L21) -> 4836.3636 | R21: 53.521127 | S21: =(R21*1.81818182) -> 97.31114 | T21: 36987 | U21: =T21-DATE(YEAR(T21),1,1)+1 -> 96 | V21: =((S21+N21)/2)*(U21-P21) -> 2943.662 | W21: 62.597809 | X21: =(W21*1.81818182) -> 113.8142 | Y21: 37003 | Z21: =Y21-DATE(YEAR(Y21),1,1)+1 -> 112 | AA21: =((X21+S21)/2)*(Z21-U21) -> 1689.0027 | AB21: 0 | AC21: =(AB21*1.81818182) -> 0 | AD21: 37042 | AE21: =AD21-DATE(YEAR(AD21),1,1)+1 -> 151 | AF21: =((AC21+X21)/2)*(AE21-Z21) -> 2219.3769
D22: 2002 | E22: =IF(G22/50 = 0, "", G22/50) -> 191.21818 | F22: =IF(MAX(J22,N22,S22,X22,AC22,AH22) = 0, "", MAX(J22,N22,S22,X22,AC22,AH22)) -> 132.72727 | G22: =SUMIF($Q$2:$AU$2, "Partial Area", $Q22:$AU22) -> 9560.9091 | H22: =IF(E22/F22 = 0, "", E22/F22) -> 1.4406849 | I22: 0 | J22: =I22/0.55 -> 0 | K22: 37257 | L22: =K22-DATE(YEAR(K22),1,1)+1 -> 1 | M22: 17 | N22: =(M22*1.81818182) -> 30.909091 | O22: 37274 | P22: =O22-DATE(YEAR(O22),1,1)+1 -> 18 | Q22: =((N22+J22)/2)*(P22-L22) -> 262.72727 | R22: 16 | S22: =(R22*1.81818182) -> 29.090909 | T22: 37300 | U22: =T22-DATE(YEAR(T22),1,1)+1 -> 44 | V22: =((S22+N22)/2)*(U22-P22) -> 780 | W22: 46 | X22: =(W22*1.81818182) -> 83.636364 | Y22: 37324 | Z22: =Y22-DATE(YEAR(Y22),1,1)+1 -> 68 | AA22: =((X22+S22)/2)*(Z22-U22) -> 1352.7273 | AB22: 50 | AC22: =(AB22*1.81818182) -> 90.909091 | AD22: 37337 | AE22: =AD22-DATE(YEAR(AD22),1,1)+1 -> 81 | AF22: =((AC22+X22)/2)*(AE22-Z22) -> 1134.5455 | AG22: 73 | AH22: =(AG22*1.81818182) -> 132.72727 | AI22: 37372 | AJ22: =AI22-DATE(YEAR(AI22),1,1)+1 -> 116 | AK22: =((AH22+AC22)/2)*(AJ22-AE22) -> 3913.6364 | AL22: 29 | AM22: =(AL22*1.81818182) -> 52.727273 | AN22: 37390 | AO22: =AN22-DATE(YEAR(AN22),1,1)+1 -> 134 | AP22: =((AM22+AH22)/2)*(AO22-AJ22) -> 1669.0909 | AQ22: 0 | AR22: =(AQ22*1.81818182) -> 0 | AS22: 37407 | AT22: =AS22-DATE(YEAR(AS22),1,1)+1 -> 151 | AU22: =((AR22+AM22)/2)*(AT22-AO22) -> 448.18182
D23: 2003 | E23: =IF(G23/50 = 0, "", G23/50) -> 127.09091 | F23: =IF(MAX(J23,N23,S23,X23,AC23,AH23) = 0, "", MAX(J23,N23,S23,X23,AC23,AH23)) -> 90.909091 | G23: =SUMIF($Q$2:$AU$2, "Partial Area", $Q23:$AU23) -> 6354.5455 | H23: =IF(E23/F23 = 0, "", E23/F23) -> 1.398 | I23: 0 | J23: =I23/0.55 -> 0 | K23: 37622 | L23: =K23-DATE(YEAR(K23),1,1)+1 -> 1 | M23: 5 | N23: =(M23*1.81818182) -> 9.0909091 | O23: 37641 | P23: =O23-DATE(YEAR(O23),1,1)+1 -> 20 | Q23: =((N23+J23)/2)*(P23-L23) -> 86.363636 | R23: 19 | S23: =(R23*1.81818182) -> 34.545455 | T23: 37664 | U23: =T23-DATE(YEAR(T23),1,1)+1 -> 43 | V23: =((S23+N23)/2)*(U23-P23) -> 501.81818 | W23: 21 | X23: =(W23*1.81818182) -> 38.181818 | Y23: 37687 | Z23: =Y23-DATE(YEAR(Y23),1,1)+1 -> 66 | AA23: =((X23+S23)/2)*(Z23-U23) -> 836.36364 | AB23: 46 | AC23: =(AB23*1.81818182) -> 83.636364 | AD23: 37718 | AE23: =AD23-DATE(YEAR(AD23),1,1)+1 -> 97 | AF23: =((AC23+X23)/2)*(AE23-Z23) -> 1888.1818 | AG23: 50 | AH23: =(AG23*1.81818182) -> 90.909091 | AI23: 37734 | AJ23: =AI23-DATE(YEAR(AI23),1,1)+1 -> 113 | AK23: =((AH23+AC23)/2)*(AJ23-AE23) -> 1396.3636 | AL23: 20 | AM23: =(AL23*1.81818182) -> 36.363636 | AN23: 37755 | AO23: =AN23-DATE(YEAR(AN23),1,1)+1 -> 134 | AP23: =((AM23+AH23)/2)*(AO23-AJ23) -> 1336.3636 | AQ23: 0 | AR23: =(AQ23*1.81818182) -> 0 | AS23: 37772 | AT23: =AS23-DATE(YEAR(AS23),1,1)+1 -> 151 | AU23: =((AR23+AM23)/2)*(AT23-AO23) -> 309.09091
D24: 2004 | E24: =IF(G24/50 = 0, "", G24/50) -> 111.12727 | F24: =IF(MAX(J24,N24,S24,X24,AC24,AH24) = 0, "", MAX(J24,N24,S24,X24,AC24,AH24)) -> 81.818182 | G24: =SUMIF($Q$2:$AU$2, "Partial Area", $Q24:$AU24) -> 5556.3636 | H24: =IF(E24/F24 = 0, "", E24/F24) -> 1.3582222 | I24: 0 | J24: =I24/0.55 -> 0 | K24: 37987 | L24: =K24-DATE(YEAR(K24),1,1)+1 -> 1 | M24: 6 | N24: =(M24*1.81818182) -> 10.909091 | O24: 38022 | P24: =O24-DATE(YEAR(O24),1,1)+1 -> 36 | Q24: =((N24+J24)/2)*(P24-L24) -> 190.90909 | R24: 21 | S24: =(R24*1.81818182) -> 38.181818 | T24: 38048 | U24: =T24-DATE(YEAR(T24),1,1)+1 -> 62 | V24: =((S24+N24)/2)*(U24-P24) -> 638.18182 | W24: 24 | X24: =(W24*1.81818182) -> 43.636364 | Y24: 38069 | Z24: =Y24-DATE(YEAR(Y24),1,1)+1 -> 83 | AA24: =((X24+S24)/2)*(Z24-U24) -> 859.09091 | AB24: 45 | AC24: =(AB24*1.81818182) -> 81.818182 | AD24: 38091 | AE24: =AD24-DATE(YEAR(AD24),1,1)+1 -> 105 | AF24: =((AC24+X24)/2)*(AE24-Z24) -> 1380 | AG24: 41 | AH24: =(AG24*1.81818182) -> 74.545455 | AI24: 38106 | AJ24: =AI24-DATE(YEAR(AI24),1,1)+1 -> 120 | AK24: =((AH24+AC24)/2)*(AJ24-AE24) -> 1172.7273 | AL24: 26 | AM24: =(AL24*1.81818182) -> 47.272727 | AN24: 38121 | AO24: =AN24-DATE(YEAR(AN24),1,1)+1 -> 135 | AP24: =((AM24+AH24)/2)*(AO24-AJ24) -> 913.63636 | AQ24: 0 | AR24: =(AQ24*1.81818182) -> 0 | AS24: 38138 | AT24: =AS24-DATE(YEAR(AS24),1,1)+1 -> 152 | AU24: =((AR24+AM24)/2)*(AT24-AO24) -> 401.81818
D25: 2005 | E25: =IF(G25/50 = 0, "", G25/50) -> 144.43636 | F25: =IF(MAX(J25,N25,S25,X25,AC25,AH25) = 0, "", MAX(J25,N25,S25,X25,AC25,AH25)) -> 110.90909 | G25: =SUMIF($Q$2:$AU$2, "Partial Area", $Q25:$AU25) -> 7221.8182 | H25: =IF(E25/F25 = 0, "", E25/F25) -> 1.3022951 | I25: 0 | J25: =I25/0.55 -> 0 | K25: 38353 | L25: =K25-DATE(YEAR(K25),1,1)+1 -> 1 | M25: 9 | N25: =(M25*1.81818182) -> 16.363636 | O25: 38394 | P25: =O25-DATE(YEAR(O25),1,1)+1 -> 42 | Q25: =((N25+J25)/2)*(P25-L25) -> 335.45455 | R25: 32 | S25: =(R25*1.81818182) -> 58.181818 | T25: 38419 | U25: =T25-DATE(YEAR(T25),1,1)+1 -> 67 | V25: =((S25+N25)/2)*(U25-P25) -> 931.81818 | W25: 61 | X25: =(W25*1.81818182) -> 110.90909 | Y25: 38457 | Z25: =Y25-DATE(YEAR(Y25),1,1)+1 -> 105 | AA25: =((X25+S25)/2)*(Z25-U25) -> 3212.7273 | AB25: 47 | AC25: =(AB25*1.81818182) -> 85.454546 | AD25: 38471 | AE25: =AD25-DATE(YEAR(AD25),1,1)+1 -> 119 | AF25: =((AC25+X25)/2)*(AE25-Z25) -> 1374.5455 | AG25: 0 | AH25: =(AG25*1.81818182) -> 0 | AI25: 38503 | AJ25: =AI25-DATE(YEAR(AI25),1,1)+1 -> 151 | AK25: =((AH25+AC25)/2)*(AJ25-AE25) -> 1367.2727 | AR25: =(AQ25*1.81818182) -> 0 | AT25: =AS25-DATE(YEAR(AS25),1,1)+1 -> 0
D26: 2006 | E26: =IF(G26/50 = 0, "", G26/50) -> 211.94545 | F26: =IF(MAX(J26,N26,S26,X26,AC26,AH26) = 0, "", MAX(J26,N26,S26,X26,AC26,AH26)) -> 112.72727 | G26: =SUMIF($Q$2:$AU$2, "Partial Area", $Q26:$AU26) -> 10597.273 | H26: =IF(E26/F26 = 0, "", E26/F26) -> 1.8801613 | I26: 0 | J26: =I26/0.55 -> 0 | K26: 38718 | L26: =K26-DATE(YEAR(K26),1,1)+1 -> 1 | M26: 32 | N26: =(M26*1.81818182) -> 58.181818 | O26: 38763 | P26: =O26-DATE(YEAR(O26),1,1)+1 -> 46 | Q26: =((N26+J26)/2)*(P26-L26) -> 1309.0909 | R26: 59 | S26: =(R26*1.81818182) -> 107.27273 | T26: 38797 | U26: =T26-DATE(YEAR(T26),1,1)+1 -> 80 | V26: =((S26+N26)/2)*(U26-P26) -> 2812.7273 | W26: 62 | X26: =(W26*1.81818182) -> 112.72727 | Y26: 38820 | Z26: =Y26-DATE(YEAR(Y26),1,1)+1 -> 103 | AA26: =((X26+S26)/2)*(Z26-U26) -> 2530 | AB26: 62 | AC26: =(AB26*1.81818182) -> 112.72727 | AD26: 38842 | AE26: =AD26-DATE(YEAR(AD26),1,1)+1 -> 125 | AF26: =((AC26+X26)/2)*(AE26-Z26) -> 2480 | AG26: 0 | AH26: =(AG26*1.81818182) -> 0 | AI26: 38868 | AJ26: =AI26-DATE(YEAR(AI26),1,1)+1 -> 151 | AK26: =((AH26+AC26)/2)*(AJ26-AE26) -> 1465.4545 | AR26: =(AQ26*1.81818182) -> 0 | AT26: =AS26-DATE(YEAR(AS26),1,1)+1 -> 0
D27: 2007 | E27: =IF(G27/50 = 0, "", G27/50) -> 148.10909 | F27: =IF(MAX(J27,N27,S27,X27,AC27,AH27) = 0, "", MAX(J27,N27,S27,X27,AC27,AH27)) -> 109.09091 | G27: =SUMIF($Q$2:$AU$2, "Partial Area", $Q27:$AU27) -> 7405.4546 | H27: =IF(E27/F27 = 0, "", E27/F27) -> 1.3576667 | I27: 0 | J27: =I27/0.55 -> 0 | K27: 39083 | L27: =K27-DATE(YEAR(K27),1,1)+1 -> 1 | M27: 18 | N27: =(M27*1.81818182) -> 32.727273 | O27: 39136 | P27: =O27-DATE(YEAR(O27),1,1)+1 -> 54 | Q27: =((N27+J27)/2)*(P27-L27) -> 867.27273 | R27: 50 | S27: =(R27*1.81818182) -> 90.909091 | T27: 39170 | U27: =T27-DATE(YEAR(T27),1,1)+1 -> 88 | V27: =((S27+N27)/2)*(U27-P27) -> 2101.8182 | W27: 60 | X27: =(W27*1.81818182) -> 109.09091 | Y27: 39192 | Z27: =Y27-DATE(YEAR(Y27),1,1)+1 -> 110 | AA27: =((X27+S27)/2)*(Z27-U27) -> 2200 | AB27: 0 | AC27: =(AB27*1.81818182) -> 0 | AD27: 39233 | AE27: =AD27-DATE(YEAR(AD27),1,1)+1 -> 151 | AF27: =((AC27+X27)/2)*(AE27-Z27) -> 2236.3636 | AR27: =(AQ27*1.81818182) -> 0 | AT27: =AS27-DATE(YEAR(AS27),1,1)+1 -> 0
D28: 2008 | E28: =IF(G28/50 = 0, "", G28/50) -> 60.981818 | F28: =IF(MAX(J28,N28,S28,X28,AC28,AH28) = 0, "", MAX(J28,N28,S28,X28,AC28,AH28)) -> 32.727273 | G28: =SUMIF($Q$2:$AU$2, "Partial Area", $Q28:$AU28) -> 3049.0909 | H28: =IF(E28/F28 = 0, "", E28/F28) -> 1.8633333 | I28: 0 | J28: =I28/0.55 -> 0 | K28: 39448 | L28: =K28-DATE(YEAR(K28),1,1)+1 -> 1 | M28: 18 | N28: =(M28*1.81818182) -> 32.727273 | O28: 39515 | P28: =O28-DATE(YEAR(O28),1,1)+1 -> 68 | Q28: =((N28+J28)/2)*(P28-L28) -> 1096.3636 | R28: 17 | S28: =(R28*1.81818182) -> 30.909091 | T28: 39555 | U28: =T28-DATE(YEAR(T28),1,1)+1 -> 108 | V28: =((S28+N28)/2)*(U28-P28) -> 1272.7273 | W28: 0 | X28: =(W28*1.81818182) -> 0 | Y28: 39599 | Z28: =Y28-DATE(YEAR(Y28),1,1)+1 -> 152 | AA28: =((X28+S28)/2)*(Z28-U28) -> 680 | AR28: =(AQ28*1.81818182) -> 0 | AT28: =AS28-DATE(YEAR(AS28),1,1)+1 -> 0
D29: 2009 | E29: =IF(G29/50 = 0, "", G29/50) -> 96.218182 | F29: =IF(MAX(J29,N29,S29,X29,AC29,AH29) = 0, "", MAX(J29,N29,S29,X29,AC29,AH29)) -> 69.090909 | G29: =SUMIF($Q$2:$AU$2, "Partial Area", $Q29:$AU29) -> 4810.9091 | H29: =IF(E29/F29 = 0, "", E29/F29) -> 1.3926316 | I29: 0 | J29: =I29/0.55 -> 0 | K29: 39814 | L29: =K29-DATE(YEAR(K29),1,1)+1 -> 1 | M29: 24 | N29: =(M29*1.81818182) -> 43.636364 | O29: 39898 | P29: =O29-DATE(YEAR(O29),1,1)+1 -> 85 | Q29: =((N29+J29)/2)*(P29-L29) -> 1832.7273 | R29: 38 | S29: =(R29*1.81818182) -> 69.090909 | T29: 39930 | U29: =T29-DATE(YEAR(T29),1,1)+1 -> 117 | V29: =((S29+N29)/2)*(U29-P29) -> 1803.6364 | W29: 0 | X29: =(W29*1.81818182) -> 0 | Y29: 39964 | Z29: =Y29-DATE(YEAR(Y29),1,1)+1 -> 151 | AA29: =((X29+S29)/2)*(Z29-U29) -> 1174.5455 | AR29: =(AQ29*1.81818182) -> 0 | AT29: =AS29-DATE(YEAR(AS29),1,1)+1 -> 0
D30: 2010 | E30: =IF(G30/50 = 0, "", G30/50) -> 159.92727 | F30: =IF(MAX(J30,N30,S30,X30,AC30,AH30) = 0, "", MAX(J30,N30,S30,X30,AC30,AH30)) -> 98.181818 | G30: =SUMIF($Q$2:$AU$2, "Partial Area", $Q30:$AU30) -> 7996.3636 | H30: =IF(E30/F30 = 0, "", E30/F30) -> 1.6288889 | I30: 0 | J30: =I30/0.55 -> 0 | K30: 40179 | L30: =K30-DATE(YEAR(K30),1,1)+1 -> 1 | M30: 42 | N30: =(M30*1.81818182) -> 76.363636 | O30: 40247 | P30: =O30-DATE(YEAR(O30),1,1)+1 -> 69 | Q30: =((N30+J30)/2)*(P30-L30) -> 2596.3636 | R30: 54 | S30: =(R30*1.81818182) -> 98.181818 | T30: 40283 | U30: =T30-DATE(YEAR(T30),1,1)+1 -> 105 | V30: =((S30+N30)/2)*(U30-P30) -> 3141.8182 | W30: 0 | X30: =(W30*1.81818182) -> 0 | Y30: 40329 | Z30: =Y30-DATE(YEAR(Y30),1,1)+1 -> 151 | AA30: =((X30+S30)/2)*(Z30-U30) -> 2258.1818 | AR30: =(AQ30*1.81818182) -> 0 | AT30: =AS30-DATE(YEAR(AS30),1,1)+1 -> 0
D31: 2011 | E31: =IF(G31/50 = 0, "", G31/50) -> 253.38182 | F31: =IF(MAX(J31,N31,S31,X31,AC31,AH31) = 0, "", MAX(J31,N31,S31,X31,AC31,AH31)) -> 187.27273 | G31: =SUMIF($Q$2:$AU$2, "Partial Area", $Q31:$AU31) -> 12669.091 | H31: =IF(E31/F31 = 0, "", E31/F31) -> 1.3530097 | I31: 0 | J31: =I31/0.55 -> 0 | K31: 40544 | L31: =K31-DATE(YEAR(K31),1,1)+1 -> 1 | M31: 68 | N31: =(M31*1.81818182) -> 123.63636 | O31: 40630 | P31: =O31-DATE(YEAR(O31),1,1)+1 -> 87 | Q31: =((N31+J31)/2)*(P31-L31) -> 5316.3636 | R31: 103 | S31: =(R31*1.81818182) -> 187.27273 | T31: 40652 | U31: =T31-DATE(YEAR(T31),1,1)+1 -> 109 | V31: =((S31+N31)/2)*(U31-P31) -> 3420 | W31: 0 | X31: =(W31*1.81818182) -> 0 | Y31: 40694 | Z31: =Y31-DATE(YEAR(Y31),1,1)+1 -> 151 | AA31: =((X31+S31)/2)*(Z31-U31) -> 3932.7273 | AR31: =(AQ31*1.81818182) -> 0 | AT31: =AS31-DATE(YEAR(AS31),1,1)+1 -> 0
D32: 2012 | E32: =IF(G32/50 = 0, "", G32/50) -> 140.16364 | F32: =IF(MAX(J32,N32,S32,X32,AC32,AH32) = 0, "", MAX(J32,N32,S32,X32,AC32,AH32)) -> 76.363636 | G32: =SUMIF($Q$2:$AU$2, "Partial Area", $Q32:$AU32) -> 7008.1818 | H32: =IF(E32/F32 = 0, "", E32/F32) -> 1.8354762 | I32: 0 | J32: =I32/0.55 -> 0 | K32: 40909 | L32: =K32-DATE(YEAR(K32),1,1)+1 -> 1 | M32: 35 | N32: =(M32*1.81818182) -> 63.636364 | O32: 40991 | P32: =O32-DATE(YEAR(O32),1,1)+1 -> 83 | Q32: =((N32+J32)/2)*(P32-L32) -> 2609.0909 | R32: 39 | S32: =(R32*1.81818182) -> 70.909091 | T32: 41021 | U32: =T32-DATE(YEAR(T32),1,1)+1 -> 113 | V32: =((S32+N32)/2)*(U32-P32) -> 2018.1818 | W32: 42 | X32: =(W32*1.81818182) -> 76.363636 | Y32: 41036 | Z32: =Y32-DATE(YEAR(Y32),1,1)+1 -> 128 | AA32: =((X32+S32)/2)*(Z32-U32) -> 1104.5455 | AB32: 27 | AC32: =(AB32*1.81818182) -> 49.090909 | AD32: 41054 | AE32: =AD32-DATE(YEAR(AD32),1,1)+1 -> 146 | AF32: =((AC32+X32)/2)*(AE32-Z32) -> 1129.0909 | AG32: 0 | AH32: =(AG32*1.81818182) -> 0 | AI32: 41060 | AJ32: =AI32-DATE(YEAR(AI32),1,1)+1 -> 152 | AK32: =((AH32+AC32)/2)*(AJ32-AE32) -> 147.27273 | AR32: =(AQ32*1.81818182) -> 0 | AT32: =AS32-DATE(YEAR(AS32),1,1)+1 -> 0
D33: 2013 | E33: =IF(G33/50 = 0, "", G33/50) -> 297.8 | F33: =IF(MAX(J33,N33,S33,X33,AC33,AH33) = 0, "", MAX(J33,N33,S33,X33,AC33,AH33)) -> 169.09091 | G33: =SUMIF($Q$2:$AU$2, "Partial Area", $Q33:$AU33) -> 14890 | H33: =IF(E33/F33 = 0, "", E33/F33) -> 1.7611828 | I33: 0 | J33: =I33/0.55 -> 0 | K33: 41275 | L33: =K33-DATE(YEAR(K33),1,1)+1 -> 1 | M33: 84 | N33: =(M33*1.81818182) -> 152.72727 | O33: 41359 | P33: =O33-DATE(YEAR(O33),1,1)+1 -> 85 | Q33: =((N33+J33)/2)*(P33-L33) -> 6414.5455 | R33: 87 | S33: =(R33*1.81818182) -> 158.18182 | T33: 41360 | U33: =T33-DATE(YEAR(T33),1,1)+1 -> 86 | V33: =((S33+N33)/2)*(U33-P33) -> 155.45455 | W33: 93 | X33: =(W33*1.81818182) -> 169.09091 | Y33: 41381 | Z33: =Y33-DATE(YEAR(Y33),1,1)+1 -> 107 | AA33: =((X33+S33)/2)*(Z33-U33) -> 3436.3636 | AB33: 89 | AC33: =(AB33*1.81818182) -> 161.81818 | AD33: 41389 | AE33: =AD33-DATE(YEAR(AD33),1,1)+1 -> 115 | AF33: =((AC33+X33)/2)*(AE33-Z33) -> 1323.6364 | AG33: 89 | AH33: =(AG33*1.81818182) -> 161.81818 | AI33: 41397 | AJ33: =AI33-DATE(YEAR(AI33),1,1)+1 -> 123 | AK33: =((AH33+AC33)/2)*(AJ33-AE33) -> 1294.5455 | AL33: 0 | AM33: =(AL33*1.81818182) -> 0 | AN33: 41425 | AO33: =AN33-DATE(YEAR(AN33),1,1)+1 -> 151 | AP33: =((AM33+AH33)/2)*(AO33-AJ33) -> 2265.4545 | AR33: =(AQ33*1.81818182) -> 0 | AT33: =AS33-DATE(YEAR(AS33),1,1)+1 -> 0
D34: 2014 | E34: =IF(G34/50 = 0, "", G34/50) -> 164.36364 | F34: =IF(MAX(J34,N34,S34,X34,AC34,AH34) = 0, "", MAX(J34,N34,S34,X34,AC34,AH34)) -> 123.63636 | G34: =SUMIF($Q$2:$AU$2, "Partial Area", $Q34:$AU34) -> 8218.1818 | H34: =IF(E34/F34 = 0, "", E34/F34) -> 1.3294118 | I34: 0 | J34: =I34/0.55 -> 0 | K34: 41640 | L34: =K34-DATE(YEAR(K34),1,1)+1 -> 1 | M34: 39 | N34: =(M34*1.81818182) -> 70.909091 | O34: 41723 | P34: =O34-DATE(YEAR(O34),1,1)+1 -> 84 | Q34: =((N34+J34)/2)*(P34-L34) -> 2942.7273 | R34: 68 | S34: =(R34*1.81818182) -> 123.63636 | T34: 41740 | U34: =T34-DATE(YEAR(T34),1,1)+1 -> 101 | V34: =((S34+N34)/2)*(U34-P34) -> 1653.6364 | W34: 62 | X34: =(W34*1.81818182) -> 112.72727 | Y34: 41753 | Z34: =Y34-DATE(YEAR(Y34),1,1)+1 -> 114 | AA34: =((X34+S34)/2)*(Z34-U34) -> 1536.3636 | AB34: 0 | AC34: =(AB34*1.81818182) -> 0 | AD34: 41790 | AE34: =AD34-DATE(YEAR(AD34),1,1)+1 -> 151 | AF34: =((AC34+X34)/2)*(AE34-Z34) -> 2085.4545 | AM34: =(AL34*1.81818182) -> 0 | AR34: =(AQ34*1.81818182) -> 0 | AT34: =AS34-DATE(YEAR(AS34),1,1)+1 -> 0
D35: 2015 | E35: =IF(G35/50 = 0, "", G35/50) -> 330.03636 | F35: =IF(MAX(J35,N35,S35,X35,AC35,AH35) = 0, "", MAX(J35,N35,S35,X35,AC35,AH35)) -> 198.18182 | G35: =SUMIF($Q$2:$AU$2, "Partial Area", $Q35:$AU35) -> 16501.818 | H35: =IF(E35/F35 = 0, "", E35/F35) -> 1.6653211 | I35: 0 | J35: =I35/0.55 -> 0 | K35: 42005 | L35: =K35-DATE(YEAR(K35),1,1)+1 -> 1 | M35: 109 | N35: =(M35*1.81818182) -> 198.18182 | O35: 42090 | P35: =O35-DATE(YEAR(O35),1,1)+1 -> 86 | Q35: =((N35+J35)/2)*(P35-L35) -> 8422.7273 | R35: 106 | S35: =(R35*1.81818182) -> 192.72727 | T35: 42102 | U35: =T35-DATE(YEAR(T35),1,1)+1 -> 98 | V35: =((S35+N35)/2)*(U35-P35) -> 2345.4545 | W35: 81 | X35: =(W35*1.81818182) -> 147.27273 | Y35: 42121 | Z35: =Y35-DATE(YEAR(Y35),1,1)+1 -> 117 | AA35: =((X35+S35)/2)*(Z35-U35) -> 3230 | AB35: 0 | AC35: =(AB35*1.81818182) -> 0 | AD35: 42155 | AE35: =AD35-DATE(YEAR(AD35),1,1)+1 -> 151 | AF35: =((AC35+X35)/2)*(AE35-Z35) -> 2503.6364 | AM35: =(AL35*1.81818182) -> 0 | AR35: =(AQ35*1.81818182) -> 0 | AT35: =AS35-DATE(YEAR(AS35),1,1)+1 -> 0
D36: 2016 | E36: =IF(G36/50 = 0, "", G36/50) -> 278.12727 | F36: =IF(MAX(J36,N36,S36,X36,AC36,AH36) = 0, "", MAX(J36,N36,S36,X36,AC36,AH36)) -> 174.54545 | G36: =SUMIF($Q$2:$AU$2, "Partial Area", $Q36:$AU36) -> 13906.364 | H36: =IF(E36/F36 = 0, "", E36/F36) -> 1.5934375 | I36: 0 | J36: =I36/0.55 -> 0 | K36: 42370 | L36: =K36-DATE(YEAR(K36),1,1)+1 -> 1 | M36: 81 | N36: =(M36*1.81818182) -> 147.27273 | O36: 42456 | P36: =O36-DATE(YEAR(O36),1,1)+1 -> 87 | Q36: =((N36+J36)/2)*(P36-L36) -> 6332.7273 | R36: 94 | S36: =(R36*1.81818182) -> 170.90909 | T36: 42467 | U36: =T36-DATE(YEAR(T36),1,1)+1 -> 98 | V36: =((S36+N36)/2)*(U36-P36) -> 1750 | W36: 96 | X36: =(W36*1.81818182) -> 174.54545 | Y36: 42480 | Z36: =Y36-DATE(YEAR(Y36),1,1)+1 -> 111 | AA36: =((X36+S36)/2)*(Z36-U36) -> 2245.4545 | AB36: 0 | AC36: =(AB36*1.81818182) -> 0 | AD36: 42521 | AE36: =AD36-DATE(YEAR(AD36),1,1)+1 -> 152 | AF36: =((AC36+X36)/2)*(AE36-Z36) -> 3578.1818 | AM36: =(AL36*1.81818182) -> 0 | AR36: =(AQ36*1.81818182) -> 0 | AT36: =AS36-DATE(YEAR(AS36),1,1)+1 -> 0
D37: 2017 | E37: =IF(G37/50 = 0, "", G37/50) -> 138.36364 | F37: =IF(MAX(J37,N37,S37,X37,AC37,AH37) = 0, "", MAX(J37,N37,S37,X37,AC37,AH37)) -> 74.545455 | G37: =SUMIF($Q$2:$AU$2, "Partial Area", $Q37:$AU37) -> 6918.1818 | H37: =IF(E37/F37 = 0, "", E37/F37) -> 1.8560976 | I37: 0 | J37: =I37/0.55 -> 0 | K37: 42736 | L37: =K37-DATE(YEAR(K37),1,1)+1 -> 1 | M37: 41 | N37: =(M37*1.81818182) -> 74.545455 | O37: 42803 | P37: =O37-DATE(YEAR(O37),1,1)+1 -> 68 | Q37: =((N37+J37)/2)*(P37-L37) -> 2497.2727 | R37: 34 | S37: =(R37*1.81818182) -> 61.818182 | T37: 42829 | U37: =T37-DATE(YEAR(T37),1,1)+1 -> 94 | V37: =((S37+N37)/2)*(U37-P37) -> 1772.7273 | W37: 35 | X37: =(W37*1.81818182) -> 63.636364 | Y37: 42856 | Z37: =Y37-DATE(YEAR(Y37),1,1)+1 -> 121 | AA37: =((X37+S37)/2)*(Z37-U37) -> 1693.6364 | AB37: 0 | AC37: =(AB37*1.81818182) -> 0 | AD37: 42886 | AE37: =AD37-DATE(YEAR(AD37),1,1)+1 -> 151 | AF37: =((AC37+X37)/2)*(AE37-Z37) -> 954.54546 | AM37: =(AL37*1.81818182) -> 0 | AR37: =(AQ37*1.81818182) -> 0 | AT37: =AS37-DATE(YEAR(AS37),1,1)+1 -> 0
D38: 2018 | E38: =IF(G38/50 = 0, "", G38/50) -> 57.781818 | F38: =IF(MAX(J38,N38,S38,X38,AC38,AH38) = 0, "", MAX(J38,N38,S38,X38,AC38,AH38)) -> 32.727273 | G38: =SUMIF($Q$2:$AU$2, "Partial Area", $Q38:$AU38) -> 2889.0909 | H38: =IF(E38/F38 = 0, "", E38/F38) -> 1.7655556 | I38: 0 | J38: =I38/0.55 -> 0 | K38: 43101 | L38: =K38-DATE(YEAR(K38),1,1)+1 -> 1 | M38: 18 | N38: =(M38*1.81818182) -> 32.727273 | O38: 43175 | P38: =O38-DATE(YEAR(O38),1,1)+1 -> 75 | Q38: =((N38+J38)/2)*(P38-L38) -> 1210.9091 | R38: 16 | S38: =(R38*1.81818182) -> 29.090909 | T38: 43210 | U38: =T38-DATE(YEAR(T38),1,1)+1 -> 110 | V38: =((S38+N38)/2)*(U38-P38) -> 1081.8182 | W38: 0 | X38: =(W38*1.81818182) -> 0 | Y38: 43251 | Z38: =Y38-DATE(YEAR(Y38),1,1)+1 -> 151 | AA38: =((X38+S38)/2)*(Z38-U38) -> 596.36364 | AM38: =(AL38*1.81818182) -> 0 | AR38: =(AQ38*1.81818182) -> 0 | AT38: =AS38-DATE(YEAR(AS38),1,1)+1 -> 0
D39: 2019 | E39: =IF(G39/50 = 0, "", G39/50) -> 134.85455 | F39: =IF(MAX(J39,N39,S39,X39,AC39,AH39) = 0, "", MAX(J39,N39,S39,X39,AC39,AH39)) -> 81.818182 | G39: =SUMIF($Q$2:$AU$2, "Partial Area", $Q39:$AU39) -> 6742.7273 | H39: =IF(E39/F39 = 0, "", E39/F39) -> 1.6482222 | I39: 0 | J39: =I39/0.55 -> 0 | K39: 43466 | L39: =K39-DATE(YEAR(K39),1,1)+1 -> 1 | M39: 45 | N39: =(M39*1.81818182) -> 81.818182 | O39: 43557 | P39: =O39-DATE(YEAR(O39),1,1)+1 -> 92 | Q39: =((N39+J39)/2)*(P39-L39) -> 3722.7273 | R39: 38 | S39: =(R39*1.81818182) -> 69.090909 | T39: 43581 | U39: =T39-DATE(YEAR(T39),1,1)+1 -> 116 | V39: =((S39+N39)/2)*(U39-P39) -> 1810.9091 | W39: 0 | X39: =(W39*1.81818182) -> 0 | Y39: 43616 | Z39: =Y39-DATE(YEAR(Y39),1,1)+1 -> 151 | AA39: =((X39+S39)/2)*(Z39-U39) -> 1209.0909 | AM39: =(AL39*1.81818182) -> 0 | AR39: =(AQ39*1.81818182) -> 0 | AT39: =AS39-DATE(YEAR(AS39),1,1)+1 -> 0
D40: 2020 | E40: =IF(G40/50 = 0, "", G40/50) -> 56.636364 | F40: =IF(MAX(J40,N40,S40,X40,AC40,AH40) = 0, "", MAX(J40,N40,S40,X40,AC40,AH40)) -> 50.909091 | G40: =SUMIF($Q$2:$AU$2, "Partial Area", $Q40:$AU40) -> 2831.8182 | H40: =IF(E40/F40 = 0, "", E40/F40) -> 1.1125 | I40: 0 | J40: =I40/0.55 -> 0 | K40: 43831 | L40: =K40-DATE(YEAR(K40),1,1)+1 -> 1 | M40: 7 | N40: =(M40*1.81818182) -> 12.727273 | O40: 43895 | P40: =O40-DATE(YEAR(O40),1,1)+1 -> 65 | Q40: =((N40+J40)/2)*(P40-L40) -> 407.27273 | R40: 28 | S40: =(R40*1.81818182) -> 50.909091 | T40: 43928 | U40: =T40-DATE(YEAR(T40),1,1)+1 -> 98 | V40: =((S40+N40)/2)*(U40-P40) -> 1050 | W40: 0 | X40: =(W40*1.81818182) -> 0 | Y40: 43982 | Z40: =Y40-DATE(YEAR(Y40),1,1)+1 -> 152 | AA40: =((X40+S40)/2)*(Z40-U40) -> 1374.5455 | AM40: =(AL40*1.81818182) -> 0 | AR40: =(AQ40*1.81818182) -> 0 | AT40: =AS40-DATE(YEAR(AS40),1,1)+1 -> 0
D41: 2021 | E41: =IF(G41/50 = 0, "", G41/50) -> 61.218182 | F41: =IF(MAX(J41,N41,S41,X41,AC41,AH41) = 0, "", MAX(J41,N41,S41,X41,AC41,AH41)) -> 36.363636 | G41: =SUMIF($Q$2:$AU$2, "Partial Area", $Q41:$AU41) -> 3060.9091 | H41: =IF(E41/F41 = 0, "", E41/F41) -> 1.6835 | I41: 0 | J41: =I41/0.55 -> 0 | K41: 44197 | L41: =K41-DATE(YEAR(K41),1,1)+1 -> 1 | M41: 20 | N41: =(M41*1.81818182) -> 36.363636 | O41: 44265 | P41: =O41-DATE(YEAR(O41),1,1)+1 -> 69 | Q41: =((N41+J41)/2)*(P41-L41) -> 1236.3636 | R41: 20 | S41: =(R41*1.81818182) -> 36.363636 | T41: 44286 | U41: =T41-DATE(YEAR(T41),1,1)+1 -> 90 | V41: =((S41+N41)/2)*(U41-P41) -> 763.63636 | W41: 7 | X41: =(W41*1.81818182) -> 12.727273 | Y41: 44323 | Z41: =Y41-DATE(YEAR(Y41),1,1)+1 -> 127 | AA41: =((X41+S41)/2)*(Z41-U41) -> 908.18182 | AB41: 0 | AC41: =(AB41*1.81818182) -> 0 | AD41: 44347 | AE41: =AD41-DATE(YEAR(AD41),1,1)+1 -> 151 | AF41: =((AC41+X41)/2)*(AE41-Z41) -> 152.72727 | AM41: =(AL41*1.81818182) -> 0 | AR41: =(AQ41*1.81818182) -> 0 | AT41: =AS41-DATE(YEAR(AS41),1,1)+1 -> 0
D42: 2022 | E42: =IF(G42/50 = 0, "", G42/50) -> 54.272727 | F42: =IF(MAX(J42,N42,S42,X42,AC42,AH42) = 0, "", MAX(J42,N42,S42,X42,AC42,AH42)) -> 27.272727 | G42: =SUMIF($Q$2:$AU$2, "Partial Area", $Q42:$AU42) -> 2713.6364 | H42: =IF(E42/F42 = 0, "", E42/F42) -> 1.99 | I42: 0 | J42: =I42/0.55 -> 0 | K42: 44562 | L42: =K42-DATE(YEAR(K42),1,1)+1 -> 1 | M42: 15 | N42: =(M42*1.81818182) -> 27.272727 | O42: 44628 | P42: =O42-DATE(YEAR(O42),1,1)+1 -> 67 | Q42: =((N42+J42)/2)*(P42-L42) -> 900 | R42: 15 | S42: =(R42*1.81818182) -> 27.272727 | T42: 44651 | U42: =T42-DATE(YEAR(T42),1,1)+1 -> 90 | V42: =((S42+N42)/2)*(U42-P42) -> 627.27273 | W42: 15 | X42: =(W42*1.81818182) -> 27.272727 | Y42: 44677 | Z42: =Y42-DATE(YEAR(Y42),1,1)+1 -> 116 | AA42: =((X42+S42)/2)*(Z42-U42) -> 709.09091 | AB42: 0 | AC42: =(AB42*1.81818182) -> 0 | AD42: 44712 | AE42: =AD42-DATE(YEAR(AD42),1,1)+1 -> 151 | AF42: =((AC42+X42)/2)*(AE42-Z42) -> 477.27273 | AM42: =(AL42*1.81818182) -> 0 | AR42: =(AQ42*1.81818182) -> 0 | AT42: =AS42-DATE(YEAR(AS42),1,1)+1 -> 0
D43: 2023 | E43: =IF(G43/50 = 0, "", G43/50) -> 82.927273 | F43: =IF(MAX(J43,N43,S43,X43,AC43,AH43) = 0, "", MAX(J43,N43,S43,X43,AC43,AH43)) -> 60 | G43: =SUMIF($Q$2:$AU$2, "Partial Area", $Q43:$AU43) -> 4146.3636 | H43: =IF(E43/F43 = 0, "", E43/F43) -> 1.3821212 | I43: 0 | J43: =I43/0.55 -> 0 | K43: 44927 | L43: =K43-DATE(YEAR(K43),1,1)+1 -> 1 | M43: 14 | N43: =(M43*1.81818182) -> 25.454545 | O43: 44988 | P43: =O43-DATE(YEAR(O43),1,1)+1 -> 62 | Q43: =((N43+J43)/2)*(P43-L43) -> 776.36364 | R43: 28 | S43: =(R43*1.81818182) -> 50.909091 | T43: 45030 | U43: =T43-DATE(YEAR(T43),1,1)+1 -> 104 | V43: =((S43+N43)/2)*(U43-P43) -> 1603.6364 | W43: 33 | X43: =(W43*1.81818182) -> 60 | Y43: 45044 | Z43: =Y43-DATE(YEAR(Y43),1,1)+1 -> 118 | AA43: =((X43+S43)/2)*(Z43-U43) -> 776.36364 | AB43: 0 | AC43: =(AB43*1.81818182) -> 0 | AD43: 45077 | AE43: =AD43-DATE(YEAR(AD43),1,1)+1 -> 151 | AF43: =((AC43+X43)/2)*(AE43-Z43) -> 990 | AM43: =(AL43*1.81818182) -> 0 | AR43: =(AQ43*1.81818182) -> 0 | AT43: =AS43-DATE(YEAR(AS43),1,1)+1 -> 0
D44: 2024 | E44: =IF(G44/50 = 0, "", G44/50) -> 216.16364 | F44: =IF(MAX(J44,N44,S44,X44,AC44,AH44) = 0, "", MAX(J44,N44,S44,X44,AC44,AH44)) -> 154.54545 | G44: =SUMIF($Q$2:$AU$2, "Partial Area", $Q44:$AU44) -> 10808.182 | H44: =IF(E44/F44 = 0, "", E44/F44) -> 1.3987059 | I44: 0 | J44: =I44/0.55 -> 0 | K44: 45292 | L44: =K44-DATE(YEAR(K44),1,1)+1 -> 1 | M44: 21 | N44: =(M44*1.81818182) -> 38.181818 | O44: 45335 | P44: =O44-DATE(YEAR(O44),1,1)+1 -> 44 | Q44: =((N44+J44)/2)*(P44-L44) -> 820.90909 | R44: 69 | S44: =(R44*1.81818182) -> 125.45455 | T44: 45384 | U44: =T44-DATE(YEAR(T44),1,1)+1 -> 93 | V44: =((S44+N44)/2)*(U44-P44) -> 4009.0909 | W44: 85 | X44: =(W44*1.81818182) -> 154.54545 | Y44: 45395 | Z44: =Y44-DATE(YEAR(Y44),1,1)+1 -> 104 | AA44: =((X44+S44)/2)*(Z44-U44) -> 1540 | AB44: 84 | AC44: =(AB44*1.81818182) -> 152.72727 | AD44: 45405 | AE44: =AD44-DATE(YEAR(AD44),1,1)+1 -> 114 | AF44: =((AC44+X44)/2)*(AE44-Z44) -> 1536.3636 | AG44: 0 | AH44: =(AG44*1.81818182) -> 0 | AI44: 45443 | AJ44: =AI44-DATE(YEAR(AI44),1,1)+1 -> 152 | AK44: =((AH44+AC44)/2)*(AJ44-AE44) -> 2901.8182 | AM44: =(AL44*1.81818182) -> 0 | AO44: =AN44-DATE(YEAR(AN44),1,1)+1 -> 0 | AP44: =((AM44+AH44)/2)*(AO44-AJ44) -> 0 | AR44: =(AQ44*1.81818182) -> 0 | AT44: =AS44-DATE(YEAR(AS44),1,1)+1 -> 0 | AU44: =((AR44+AM44)/2)*(AT44-AO44) -> 0
D45: 2025 | E45: =IF(G45/50 = 0, "", G45/50) | F45: =IF(MAX(J45,N45,S45,X45,AC45,AH45) = 0, "", MAX(J45,N45,S45,X45,AC45,AH45)) | G45: =SUMIF($Q$2:$AU$2, "Partial Area", $Q45:$AU45) -> 0 | H45: =IF(E45/F45 = 0, "", E45/F45) -> #VALUE! | J45: =I45/0.55 -> 0 | L45: =K45-DATE(YEAR(K45),1,1)+1 -> 0 | N45: =(M45*1.81818182) -> 0 | P45: =O45-DATE(YEAR(O45),1,1)+1 -> 0 | Q45: =((N45+J45)/2)*(P45-L45) -> 0 | S45: =(R45*1.81818182) -> 0 | U45: =T45-DATE(YEAR(T45),1,1)+1 -> 0 | V45: =((S45+N45)/2)*(U45-P45) -> 0 | X45: =(W45*1.81818182) -> 0 | Z45: =Y45-DATE(YEAR(Y45),1,1)+1 -> 0 | AA45: =((X45+S45)/2)*(Z45-U45) -> 0 | AC45: =(AB45*1.81818182) -> 0 | AE45: =AD45-DATE(YEAR(AD45),1,1)+1 -> 0 | AF45: =((AC45+X45)/2)*(AE45-Z45) -> 0 | AH45: =(AG45*1.81818182) -> 0 | AJ45: =AI45-DATE(YEAR(AI45),1,1)+1 -> 0 | AK45: =((AH45+AC45)/2)*(AJ45-AE45) -> 0 | AM45: =(AL45*1.81818182) -> 0 | AO45: =AN45-DATE(YEAR(AN45),1,1)+1 -> 0 | AP45: =((AM45+AH45)/2)*(AO45-AJ45) -> 0 | AR45: =(AQ45*1.81818182) -> 0 | AT45: =AS45-DATE(YEAR(AS45),1,1)+1 -> 0 | AU45: =((AR45+AM45)/2)*(AT45-AO45) -> 0
D46: 2026 | E46: =IF(G46/50 = 0, "", G46/50) | F46: =IF(MAX(J46,N46,S46,X46,AC46,AH46) = 0, "", MAX(J46,N46,S46,X46,AC46,AH46)) | G46: =SUMIF($Q$2:$AU$2, "Partial Area", $Q46:$AU46) -> 0 | H46: =IF(E46/F46 = 0, "", E46/F46) -> #VALUE! | J46: =I46/0.55 -> 0 | L46: =K46-DATE(YEAR(K46),1,1)+1 -> 0 | N46: =(M46*1.81818182) -> 0 | P46: =O46-DATE(YEAR(O46),1,1)+1 -> 0 | Q46: =((N46+J46)/2)*(P46-L46) -> 0 | S46: =(R46*1.81818182) -> 0 | U46: =T46-DATE(YEAR(T46),1,1)+1 -> 0 | V46: =((S46+N46)/2)*(U46-P46) -> 0 | X46: =(W46*1.81818182) -> 0 | Z46: =Y46-DATE(YEAR(Y46),1,1)+1 -> 0 | AA46: =((X46+S46)/2)*(Z46-U46) -> 0 | AC46: =(AB46*1.81818182) -> 0 | AE46: =AD46-DATE(YEAR(AD46),1,1)+1 -> 0 | AF46: =((AC46+X46)/2)*(AE46-Z46) -> 0 | AH46: =(AG46*1.81818182) -> 0 | AJ46: =AI46-DATE(YEAR(AI46),1,1)+1 -> 0 | AK46: =((AH46+AC46)/2)*(AJ46-AE46) -> 0 | AM46: =(AL46*1.81818182) -> 0 | AO46: =AN46-DATE(YEAR(AN46),1,1)+1 -> 0 | AP46: =((AM46+AH46)/2)*(AO46-AJ46) -> 0 | AR46: =(AQ46*1.81818182) -> 0 | AT46: =AS46-DATE(YEAR(AS46),1,1)+1 -> 0 | AU46: =((AR46+AM46)/2)*(AT46-AO46) -> 0
D47: 2027 | E47: =IF(G47/50 = 0, "", G47/50) | F47: =IF(MAX(J47,N47,S47,X47,AC47,AH47) = 0, "", MAX(J47,N47,S47,X47,AC47,AH47)) | G47: =SUMIF($Q$2:$AU$2, "Partial Area", $Q47:$AU47) -> 0 | H47: =IF(E47/F47 = 0, "", E47/F47) -> #VALUE! | J47: =I47/0.55 -> 0 | L47: =K47-DATE(YEAR(K47),1,1)+1 -> 0 | N47: =(M47*1.81818182) -> 0 | P47: =O47-DATE(YEAR(O47),1,1)+1 -> 0 | Q47: =((N47+J47)/2)*(P47-L47) -> 0 | S47: =(R47*1.81818182) -> 0 | U47: =T47-DATE(YEAR(T47),1,1)+1 -> 0 | V47: =((S47+N47)/2)*(U47-P47) -> 0 | X47: =(W47*1.81818182) -> 0 | Z47: =Y47-DATE(YEAR(Y47),1,1)+1 -> 0 | AA47: =((X47+S47)/2)*(Z47-U47) -> 0 | AC47: =(AB47*1.81818182) -> 0 | AE47: =AD47-DATE(YEAR(AD47),1,1)+1 -> 0 | AF47: =((AC47+X47)/2)*(AE47-Z47) -> 0 | AH47: =(AG47*1.81818182) -> 0 | AJ47: =AI47-DATE(YEAR(AI47),1,1)+1 -> 0 | AK47: =((AH47+AC47)/2)*(AJ47-AE47) -> 0 | AM47: =(AL47*1.81818182) -> 0 | AO47: =AN47-DATE(YEAR(AN47),1,1)+1 -> 0 | AP47: =((AM47+AH47)/2)*(AO47-AJ47) -> 0 | AR47: =(AQ47*1.81818182) -> 0 | AT47: =AS47-DATE(YEAR(AS47),1,1)+1 -> 0 | AU47: =((AR47+AM47)/2)*(AT47-AO47) -> 0
D48: 2028 | E48: =IF(G48/50 = 0, "", G48/50) | F48: =IF(MAX(J48,N48,S48,X48,AC48,AH48) = 0, "", MAX(J48,N48,S48,X48,AC48,AH48)) | G48: =SUMIF($Q$2:$AU$2, "Partial Area", $Q48:$AU48) -> 0 | H48: =IF(E48/F48 = 0, "", E48/F48) -> #VALUE! | J48: =I48/0.55 -> 0 | L48: =K48-DATE(YEAR(K48),1,1)+1 -> 0 | N48: =(M48*1.81818182) -> 0 | P48: =O48-DATE(YEAR(O48),1,1)+1 -> 0 | Q48: =((N48+J48)/2)*(P48-L48) -> 0 | S48: =(R48*1.81818182) -> 0 | U48: =T48-DATE(YEAR(T48),1,1)+1 -> 0 | V48: =((S48+N48)/2)*(U48-P48) -> 0 | X48: =(W48*1.81818182) -> 0 | Z48: =Y48-DATE(YEAR(Y48),1,1)+1 -> 0 | AA48: =((X48+S48)/2)*(Z48-U48) -> 0 | AC48: =(AB48*1.81818182) -> 0 | AE48: =AD48-DATE(YEAR(AD48),1,1)+1 -> 0 | AF48: =((AC48+X48)/2)*(AE48-Z48) -> 0 | AH48: =(AG48*1.81818182) -> 0 | AJ48: =AI48-DATE(YEAR(AI48),1,1)+1 -> 0 | AK48: =((AH48+AC48)/2)*(AJ48-AE48) -> 0 | AM48: =(AL48*1.81818182) -> 0 | AO48: =AN48-DATE(YEAR(AN48),1,1)+1 -> 0 | AP48: =((AM48+AH48)/2)*(AO48-AJ48) -> 0 | AR48: =(AQ48*1.81818182) -> 0 | AT48: =AS48-DATE(YEAR(AS48),1,1)+1 -> 0 | AU48: =((AR48+AM48)/2)*(AT48-AO48) -> 0
D49: 2029 | E49: =IF(G49/50 = 0, "", G49/50) | F49: =IF(MAX(J49,N49,S49,X49,AC49,AH49) = 0, "", MAX(J49,N49,S49,X49,AC49,AH49)) | G49: =SUMIF($Q$2:$AU$2, "Partial Area", $Q49:$AU49) -> 0 | H49: =IF(E49/F49 = 0, "", E49/F49) -> #VALUE! | J49: =I49/0.55 -> 0 | L49: =K49-DATE(YEAR(K49),1,1)+1 -> 0 | N49: =(M49*1.81818182) -> 0 | P49: =O49-DATE(YEAR(O49),1,1)+1 -> 0 | Q49: =((N49+J49)/2)*(P49-L49) -> 0 | S49: =(R49*1.81818182) -> 0 | U49: =T49-DATE(YEAR(T49),1,1)+1 -> 0 | V49: =((S49+N49)/2)*(U49-P49) -> 0 | X49: =(W49*1.81818182) -> 0 | Z49: =Y49-DATE(YEAR(Y49),1,1)+1 -> 0 | AA49: =((X49+S49)/2)*(Z49-U49) -> 0 | AC49: =(AB49*1.81818182) -> 0 | AE49: =AD49-DATE(YEAR(AD49),1,1)+1 -> 0 | AF49: =((AC49+X49)/2)*(AE49-Z49) -> 0 | AH49: =(AG49*1.81818182) -> 0 | AJ49: =AI49-DATE(YEAR(AI49),1,1)+1 -> 0 | AK49: =((AH49+AC49)/2)*(AJ49-AE49) -> 0 | AM49: =(AL49*1.81818182) -> 0 | AO49: =AN49-DATE(YEAR(AN49),1,1)+1 -> 0 | AP49: =((AM49+AH49)/2)*(AO49-AJ49) -> 0 | AR49: =(AQ49*1.81818182) -> 0 | AT49: =AS49-DATE(YEAR(AS49),1,1)+1 -> 0 | AU49: =((AR49+AM49)/2)*(AT49-AO49) -> 0
D50: 2030 | E50: =IF(G50/50 = 0, "", G50/50) | F50: =IF(MAX(J50,N50,S50,X50,AC50,AH50) = 0, "", MAX(J50,N50,S50,X50,AC50,AH50)) | G50: =SUMIF($Q$2:$AU$2, "Partial Area", $Q50:$AU50) -> 0 | H50: =IF(E50/F50 = 0, "", E50/F50) -> #VALUE! | J50: =I50/0.55 -> 0 | L50: =K50-DATE(YEAR(K50),1,1)+1 -> 0 | N50: =(M50*1.81818182) -> 0 | P50: =O50-DATE(YEAR(O50),1,1)+1 -> 0 | Q50: =((N50+J50)/2)*(P50-L50) -> 0 | S50: =(R50*1.81818182) -> 0 | U50: =T50-DATE(YEAR(T50),1,1)+1 -> 0 | V50: =((S50+N50)/2)*(U50-P50) -> 0 | X50: =(W50*1.81818182) -> 0 | Z50: =Y50-DATE(YEAR(Y50),1,1)+1 -> 0 | AA50: =((X50+S50)/2)*(Z50-U50) -> 0 | AC50: =(AB50*1.81818182) -> 0 | AE50: =AD50-DATE(YEAR(AD50),1,1)+1 -> 0 | AF50: =((AC50+X50)/2)*(AE50-Z50) -> 0 | AH50: =(AG50*1.81818182) -> 0 | AJ50: =AI50-DATE(YEAR(AI50),1,1)+1 -> 0 | AK50: =((AH50+AC50)/2)*(AJ50-AE50) -> 0 | AM50: =(AL50*1.81818182) -> 0 | AO50: =AN50-DATE(YEAR(AN50),1,1)+1 -> 0 | AP50: =((AM50+AH50)/2)*(AO50-AJ50) -> 0 | AR50: =(AQ50*1.81818182) -> 0 | AT50: =AS50-DATE(YEAR(AS50),1,1)+1 -> 0 | AU50: =((AR50+AM50)/2)*(AT50-AO50) -> 0
D51: 2031 | E51: =IF(G51/50 = 0, "", G51/50) | F51: =IF(MAX(J51,N51,S51,X51,AC51,AH51) = 0, "", MAX(J51,N51,S51,X51,AC51,AH51)) | G51: =SUMIF($Q$2:$AU$2, "Partial Area", $Q51:$AU51) -> 0 | H51: =IF(E51/F51 = 0, "", E51/F51) -> #VALUE! | J51: =I51/0.55 -> 0 | L51: =K51-DATE(YEAR(K51),1,1)+1 -> 0 | N51: =(M51*1.81818182) -> 0 | P51: =O51-DATE(YEAR(O51),1,1)+1 -> 0 | Q51: =((N51+J51)/2)*(P51-L51) -> 0 | S51: =(R51*1.81818182) -> 0 | U51: =T51-DATE(YEAR(T51),1,1)+1 -> 0 | V51: =((S51+N51)/2)*(U51-P51) -> 0 | X51: =(W51*1.81818182) -> 0 | Z51: =Y51-DATE(YEAR(Y51),1,1)+1 -> 0 | AA51: =((X51+S51)/2)*(Z51-U51) -> 0 | AC51: =(AB51*1.81818182) -> 0 | AE51: =AD51-DATE(YEAR(AD51),1,1)+1 -> 0 | AF51: =((AC51+X51)/2)*(AE51-Z51) -> 0 | AH51: =(AG51*1.81818182) -> 0 | AJ51: =AI51-DATE(YEAR(AI51),1,1)+1 -> 0 | AK51: =((AH51+AC51)/2)*(AJ51-AE51) -> 0 | AM51: =(AL51*1.81818182) -> 0 | AO51: =AN51-DATE(YEAR(AN51),1,1)+1 -> 0 | AP51: =((AM51+AH51)/2)*(AO51-AJ51) -> 0 | AR51: =(AQ51*1.81818182) -> 0 | AT51: =AS51-DATE(YEAR(AS51),1,1)+1 -> 0 | AU51: =((AR51+AM51)/2)*(AT51-AO51) -> 0

Sheet Summary Charts
P70: Repeat X axis 0-9 4 times with 2002-2007, 2008-2013, 2014-2019, 2020-2024

Sheet Solving Unknown Survey Sections
C1: Survey Area and spatial distribution tool Solve for unknown survey sections
C2: Solve for unknown survey sections
C5: 1 | D5: 2 | E5: 3 | F5: 4 | G5: 5 | J5: 1 | K5: 2 | L5: 3 | M5: 4 | N5: 5
C6: Fraction of fish in each section (from regression) | J6: Fraction of fish in each section (from all survey average)
C7: Section 1 | D7: Section 2 | E7: Section 3 | F7: Section 1 and 2 | G7: Section 2 and 3 | J7: Section 1 | K7: Section 2 | L7: Section 3 | M7: Section 1 and 2 | N7: Section 2 and 3
A8: Day of run | C8: Lower | D8: Middle | E8: Upper | F8: Lower and Middle | G8: Upper and Middle | J8: Lower | K8: Middle | L8: Upper | M8: Lower and Middle | N8: Upper and Middle
A9: 1 | C9: =((0.003)*A9) -> 0.003 | D9: =((-0.0039)*A9)+0.8478 -> 0.8439 | E9: =(0.0002*A9)+0.1914 -> 0.1916 | F9: =C9+D9 -> 0.8469 | G9: =D9+E9 -> 1.0355 | J9: 0.21 | K9: 0.5 | L9: 0.28 | M9: =J9+K9 -> 0.71 | N9: =K9+L9 -> 0.78
A10: 2 | C10: =((0.003)*A10) -> 0.006 | D10: =((-0.0039)*A10)+0.8478 -> 0.84 | E10: =(0.0002*A10)+0.1914 -> 0.1918 | F10: =C10+D10 -> 0.846 | G10: =D10+E10 -> 1.0318 | J10: 0.21 | K10: 0.5 | L10: 0.28 | M10: =J10+K10 -> 0.71 | N10: =K10+L10 -> 0.78
A11: 3 | C11: =((0.003)*A11) -> 0.009 | D11: =((-0.0039)*A11)+0.8478 -> 0.8361 | E11: =(0.0002*A11)+0.1914 -> 0.192 | F11: =C11+D11 -> 0.8451 | G11: =D11+E11 -> 1.0281 | J11: 0.21 | K11: 0.5 | L11: 0.28 | M11: =J11+K11 -> 0.71 | N11: =K11+L11 -> 0.78
A12: 4 | C12: =((0.003)*A12) -> 0.012 | D12: =((-0.0039)*A12)+0.8478 -> 0.8322 | E12: =(0.0002*A12)+0.1914 -> 0.1922 | F12: =C12+D12 -> 0.8442 | G12: =D12+E12 -> 1.0244 | J12: 0.21 | K12: 0.5 | L12: 0.28 | M12: =J12+K12 -> 0.71 | N12: =K12+L12 -> 0.78
A13: 5 | C13: =((0.003)*A13) -> 0.015 | D13: =((-0.0039)*A13)+0.8478 -> 0.8283 | E13: =(0.0002*A13)+0.1914 -> 0.1924 | F13: =C13+D13 -> 0.8433 | G13: =D13+E13 -> 1.0207 | J13: 0.21 | K13: 0.5 | L13: 0.28 | M13: =J13+K13 -> 0.71 | N13: =K13+L13 -> 0.78
A14: 6 | C14: =((0.003)*A14) -> 0.018 | D14: =((-0.0039)*A14)+0.8478 -> 0.8244 | E14: =(0.0002*A14)+0.1914 -> 0.1926 | F14: =C14+D14 -> 0.8424 | G14: =D14+E14 -> 1.017 | J14: 0.21 | K14: 0.5 | L14: 0.28 | M14: =J14+K14 -> 0.71 | N14: =K14+L14 -> 0.78
A15: 7 | C15: =((0.003)*A15) -> 0.021 | D15: =((-0.0039)*A15)+0.8478 -> 0.8205 | E15: =(0.0002*A15)+0.1914 -> 0.1928 | F15: =C15+D15 -> 0.8415 | G15: =D15+E15 -> 1.0133 | J15: 0.21 | K15: 0.5 | L15: 0.28 | M15: =J15+K15 -> 0.71 | N15: =K15+L15 -> 0.78
A16: 8 | C16: =((0.003)*A16) -> 0.024 | D16: =((-0.0039)*A16)+0.8478 -> 0.8166 | E16: =(0.0002*A16)+0.1914 -> 0.193 | F16: =C16+D16 -> 0.8406 | G16: =D16+E16 -> 1.0096 | J16: 0.21 | K16: 0.5 | L16: 0.28 | M16: =J16+K16 -> 0.71 | N16: =K16+L16 -> 0.78
A17: 9 | C17: =((0.003)*A17) -> 0.027 | D17: =((-0.0039)*A17)+0.8478 -> 0.8127 | E17: =(0.0002*A17)+0.1914 -> 0.1932 | F17: =C17+D17 -> 0.8397 | G17: =D17+E17 -> 1.0059 | J17: 0.21 | K17: 0.5 | L17: 0.28 | M17: =J17+K17 -> 0.71 | N17: =K17+L17 -> 0.78
A18: 10 | C18: =((0.003)*A18) -> 0.03 | D18: =((-0.0039)*A18)+0.8478 -> 0.8088 | E18: =(0.0002*A18)+0.1914 -> 0.1934 | F18: =C18+D18 -> 0.8388 | G18: =D18+E18 -> 1.0022 | J18: 0.21 | K18: 0.5 | L18: 0.28 | M18: =J18+K18 -> 0.71 | N18: =K18+L18 -> 0.78
A19: 11 | C19: =((0.003)*A19) -> 0.033 | D19: =((-0.0039)*A19)+0.8478 -> 0.8049 | E19: =(0.0002*A19)+0.1914 -> 0.1936 | F19: =C19+D19 -> 0.8379 | G19: =D19+E19 -> 0.9985 | J19: 0.21 | K19: 0.5 | L19: 0.28 | M19: =J19+K19 -> 0.71 | N19: =K19+L19 -> 0.78
A20: 12 | C20: =((0.003)*A20) -> 0.036 | D20: =((-0.0039)*A20)+0.8478 -> 0.801 | E20: =(0.0002*A20)+0.1914 -> 0.1938 | F20: =C20+D20 -> 0.837 | G20: =D20+E20 -> 0.9948 | J20: 0.21 | K20: 0.5 | L20: 0.28 | M20: =J20+K20 -> 0.71 | N20: =K20+L20 -> 0.78
... A52: 44 | C52: =((0.003)*A52) -> 0.132 | D52: =((-0.0039)*A52)+0.8478 -> 0.6762 | E52: =(0.0002*A52)+0.1914 -> 0.2002 | F52: =C52+D52 -> 0.8082 | G52: =D52+E52 -> 0.8764 | J52: 0.21 | K52: 0.5 | L52: 0.28 | M52: =J52+K52 -> 0.71 | N52: =K52+L52 -> 0.78
C53: =((0.003)*A53) -> 0 | D53: =((-0.0039)*A53)+0.8478 -> 0.8478 | E53: =(0.0002*A53)+0.1914 -> 0.1914 | F53: =C53+D53 -> 0.8478 | G53: =D53+E53 -> 1.0392 | J53: 0.21 | K53: 0.5 | L53: 0.28 | M53: =J53+K53 -> 0.71 | N53: =K53+L53 -> 0.78
A54: 45 | C54: =((0.003)*A54) -> 0.135 | D54: =((-0.0039)*A54)+0.8478 -> 0.6723 | E54: =(0.0002*A54)+0.1914 -> 0.2004 | F54: =C54+D54 -> 0.8073 | G54: =D54+E54 -> 0.8727 | J54: 0.21 | K54: 0.5 | L54: 0.28 | M54: =J54+K54 -> 0.71 | N54: =K54+L54 -> 0.78
A55: 46 | C55: =((0.003)*A55) -> 0.138 | D55: =((-0.0039)*A55)+0.8478 -> 0.6684 | E55: =(0.0002*A55)+0.1914 -> 0.2006 | F55: =C55+D55 -> 0.8064 | G55: =D55+E55 -> 0.869 | J55: 0.21 | K55: 0.5 | L55: 0.28 | M55: =J55+K55 -> 0.71 | N55: =K55+L55 -> 0.78
A56: 47 | C56: =((0.003)*A56) -> 0.141 | D56: =((-0.0039)*A56)+0.8478 -> 0.6645 | E56: =(0.0002*A56)+0.1914 -> 0.2008 | F56: =C56+D56 -> 0.8055 | G56: =D56+E56 -> 0.8653 | J56: 0.21 | K56: 0.5 | L56: 0.28 | M56: =J56+K56 -> 0.71 | N56: =K56+L56 -> 0.78
A57: 48 | C57: =((0.003)*A57) -> 0.144 | D57: =((-0.0039)*A57)+0.8478 -> 0.6606 | E57: =(0.0002*A57)+0.1914 -> 0.201 | F57: =C57+D57 -> 0.8046 | G57: =D57+E57 -> 0.8616 | J57: 0.21 | K57: 0.5 | L57: 0.28 | M57: =J57+K57 -> 0.71 | N57: =K57+L57 -> 0.78
A58: 49 | C58: =((0.003)*A58) -> 0.147 | D58: =((-0.0039)*A58)+0.8478 -> 0.6567 | E58: =(0.0002*A58)+0.1914 -> 0.2012 | F58: =C58+D58 -> 0.8037 | G58: =D58+E58 -> 0.8579 | J58: 0.21 | K58: 0.5 | L58: 0.28 | M58: =J58+K58 -> 0.71 | N58: =K58+L58 -> 0.78
A59: 50 | C59: =((0.003)*A59) -> 0.15 | D59: =((-0.0039)*A59)+0.8478 -> 0.6528 | E59: =(0.0002*A59)+0.1914 -> 0.2014 | F59: =C59+D59 -> 0.8028 | G59: =D59+E59 -> 0.8542 | J59: 0.21 | K59: 0.5 | L59: 0.28 | M59: =J59+K59 -> 0.71 | N59: =K59+L59 -> 0.78
A60: 51 | C60: =((0.003)*A60) -> 0.153 | D60: =((-0.0039)*A60)+0.8478 -> 0.6489 | E60: =(0.0002*A60)+0.1914 -> 0.2016 | F60: =C60+D60 -> 0.8019 | G60: =D60+E60 -> 0.8505 | J60: 0.21 | K60: 0.5 | L60: 0.28 | M60: =J60+K60 -> 0.71 | N60: =K60+L60 -> 0.78
A61: 52 | C61: =((0.003)*A61) -> 0.156 | D61: =((-0.0039)*A61)+0.8478 -> 0.645 | E61: =(0.0002*A61)+0.1914 -> 0.2018 | F61: =C61+D61 -> 0.801 | G61: =D61+E61 -> 0.8468 | J61: 0.21 | K61: 0.5 | L61: 0.28 | M61: =J61+K61 -> 0.71 | N61: =K61+L61 -> 0.78
A62: 53 | C62: =((0.003)*A62) -> 0.159 | D62: =((-0.0039)*A62)+0.8478 -> 0.6411 | E62: =(0.0002*A62)+0.1914 -> 0.202 | F62: =C62+D62 -> 0.8001 | G62: =D62+E62 -> 0.8431 | J62: 0.21 | K62: 0.5 | L62: 0.28 | M62: =J62+K62 -> 0.71 | N62: =K62+L62 -> 0.78
A63: 54 | C63: =((0.003)*A63) -> 0.162 | D63: =((-0.0039)*A63)+0.8478 -> 0.6372 | E63: =(0.0002*A63)+0.1914 -> 0.2022 | F63: =C63+D63 -> 0.7992 | G63: =D63+E63 -> 0.8394 | J63: 0.21 | K63: 0.5 | L63: 0.28 | M63: =J63+K63 -> 0.71 | N63: =K63+L63 -> 0.78
A64: 55 | C64: =((0.003)*A64) -> 0.165 | D64: =((-0.0039)*A64)+0.8478 -> 0.6333 | E64: =(0.0002*A64)+0.1914 -> 0.2024 | F64: =C64+D64 -> 0.7983 | G64: =D64+E64 -> 0.8357 | J64: 0.21 | K64: 0.5 | L64: 0.28 | M64: =J64+K64 -> 0.71 | N64: =K64+L64 -> 0.78
A65: 56 | C65: =((0.003)*A65) -> 0.168 | D65: =((-0.0039)*A65)+0.8478 -> 0.6294 | E65: =(0.0002*A65)+0.1914 -> 0.2026 | F65: =C65+D65 -> 0.7974 | G65: =D65+E65 -> 0.832 | J65: 0.21 | K65: 0.5 | L65: 0.28 | M65: =J65+K65 -> 0.71 | N65: =K65+L65 -> 0.78
... A165: 151 | C165: =((0.003)*A165) -> 0.453 | D165: =((-0.0039)*A165)+0.8478 -> 0.2589 | E165: =(0.0002*A165)+0.1914 -> 0.2216 | F165: =C165+D165 -> 0.7119 | G165: =D165+E165 -> 0.4805 | J165: 0.21 | K165: 0.5 | L165: 0.28 | M165: =J165+K165 -> 0.71 | N165: =K165+L165 -> 0.78

Sheet Percent of Run
F4: Percent of run
E5: Day of run
E6: 1 | F6: =E6*0.009 -> 0.009
E7: 2 | F7: =E7*0.009 -> 0.018
E8: 3 | F8: =E8*0.009 -> 0.027
E9: 4 | F9: =E9*0.009 -> 0.036
E10: 5 | F10: =E10*0.009 -> 0.045
E11: 6 | F11: =E11*0.009 -> 0.054
E12: 7 | F12: =E12*0.009 -> 0.063
E13: 8 | F13: =E13*0.009 -> 0.072
E14: 9 | F14: =E14*0.009 -> 0.081
E15: 10 | F15: =E15*0.009 -> 0.09
E16: 11 | F16: =E16*0.009 -> 0.099
E17: 12 | F17: =E17*0.009 -> 0.108
... E122: 111 | F122: =E122*0.009 -> 0.999
E123: 112 | F123: 1
E124: 113 | F124: 1
E125: 114 | F125: 1
E126: 115 | F126: 1
E127: 116 | F127: 1
E128: 117 | F128: 1
E129: 118 | F129: 1
E130: 119 | F130: 1
E131: 120 | F131: 1
E132: 121 | F132: 1
E133: 122 | F133: 1
E134: 123 | F134: 1
E135: 124
E136: 125
E137: 126
E138: 127
E139: 128
E140: 129
E141: 130
E142: 131
E143: 132
E144: 133
E145: 134
E146: 135
... E162: 151

Sheet Time and Area Standardization
B1: This area corrects for spatial (ie incomplete surveys) and temporal (ie non peak time) adjustments as if the survey was completed as a whole stream and at peak time | H1: Spatially Calibrated (time variant) | Q1: Spatially Calibrated (Fixed ratio) scales results for whole stream | Z1: Temporally calibrated | AB1: RAW AUC | AC1: Res time= | AF1: 50 | AG1: OE calibrated - Relationship # | AH1: Fixed at | AI1: 0.55 | AJ1: AUC | AM1: Res time= | AN1: 50 | AQ1: Abundance estimates for 1982-2001, 2006, 2008, 2009 derived from average MLE / peak ratio using mean OE of 0.55 (2002-2011;2015-2016) or with Calibrated OE estimates (2012-2014) | AU1: OE calibrated - Relationship # | AW1: 1 | AZ1: Res time = | BA1: 50 | BB1: Time standardized | BE1: Area standardization
B2: Day | C2: Survey Date | D2: Unadjusted flow on survey day | E2: WSC - Average daily Q | F2: % Hatchery | G2: Spatially / temporally corected Sections (1,2,3) | H2: Section 1 and 2 | I2: factor | J2: estimate | K2: Section 2 | L2: factor | M2: estimate | N2: Section 2 and 3 | O2: factor | P2: estimate | Q2: Section 1 and 2 | R2: factor | S2: Sec 1,2,3 Abundance Estimate | T2: Section 2 | U2: factor | W2: Section 2 and 3 | X2: factor | Y2: Sec 1,2,3 Abundance Estimate | Z2: factor | AA2: Estimate | AB2: Partial Area | AC2: Population estimate (AUC) | AD2: Annual Peak count | AE2: Peak / population ratio | AF2: Annual AUC (fish days) | AG2: Corrected count | AH2: Survey Efficiency | AJ2: Partial Area | AK2: Steelhead Population Estimate (AUC - fixed at 50 days residence time and 0.55 observer efficiency, these data include spatially and temporally calibrated surveys for incomplete or non-peak surveys before 1998) | AL2: Annual Peak Count (observer efficiency of 0.55 applied, spatially and temporally calibrated for non-peak and incomplete historic surveys prior to 1998) | AM2: OE Adj Peak / population ratio | AN2: Annual AUC (fish days) | AO2: MLE estimate (OE Mean) | AP2: MLE peak count ratio (OE Mean) | AQ2: Abundance estimates derived from average MLE / peak ratio or with Calibrated OE estimates (2012-2014) | AR2: MLE with Priors | AS2: MLE peak count ratio (OE Mean) | AT2: Abundance from average MLE/peak ratio (2002 - 2016 - OE - Priors ) | AU2: Corrected count | AV2: Syurvey day / unadjusted flow | AW2: Survey Efficiency | AX2: Popn | AY2: Peak count population ratio | AZ2: Partial Area (fish/days) | BA2: Annual AUC (fish/days) | BC2: fraction of peak count | BD2: fraction of peak count | BE2: Section 1 (upper) | BG2: Section 2 (middle) | BI2: Section 3 (lower) | BK2: Section 4 (South F) | BL2: MLE Estimate
A4: 1982 | B4: =C4-DATE(YEAR(C4),1,1)+1 -> 1 | C4: 29952 | E4: =VLOOKUP(C4,'Historic Daily flows'!$A$1:$B$37941,2) -> 5.93 | G4: 0 | AG4: 0
A5: 1982 | B5: =C5-DATE(YEAR(C5),1,1)+1 -> 112 | C5: 30063 | E5: =VLOOKUP(C5,'Historic Daily flows'!$A$1:$B$37941,2) -> 10.1 | F5: 0.05 | G5: =AA5 -> 185.89744 | N5: 145 | O5: =VLOOKUP(B5,$CJ$101:$CP$257, 7) -> 0.6248 | P5: =N5/O5 -> 232.07426 | W5: 145 | X5: =VLOOKUP(B5,$CJ$98:$CV$254, 13) -> 0.78 | Y5: =W5/X5 -> 185.89744 | Z5: =VLOOKUP(B5,$CG$86:$CI$242,2) -> 1 | AA5: =Y5/Z5 -> 185.89744 | AB5: =0.5*($B6-$B4)*G5 -> 13942.308 | AC5: =AF5/$AF$1 -> 278.84615 | AD5: =G5 -> 185.89744 | AE5: =AC5/AD5 -> 1.5 | AF5: =AB5 -> 13942.308 | AG5: =G5/AH5 -> 337.99534 | AH5: =$AI$1 -> 0.55 | AJ5: =AB5/AH5 -> 25349.65 | AK5: =AN5/$AF$1 -> 506.99301 | AL5: =AD5/AH5 -> 337.99534 | AM5: =AK5/AL5 -> 1.5 | AN5: =AF5/AH5 -> 25349.65 | AQ5: =AL5*$AP$188 -> 0 | AT5: =AL5*$AS$177 -> 0
A6: 1982 | B6: =C6-DATE(YEAR(C6),1,1)+1 -> 151 | C6: 30102 | E6: =VLOOKUP(C6,'Historic Daily flows'!$A$1:$B$37941,2) -> 17.7 | G6: =AA6 -> 0 | AG6: =G6/AH6 -> 0 | AH6: =$AI$1 -> 0.55 | AJ6: =AB6/AH6 -> 0 | AL6: =AD6/AH6 -> 0 | AN6: =AF6/AH6 -> 0
A7: 1983 | B7: =C7-DATE(YEAR(C7),1,1)+1 -> 1 | C7: 30317 | E7: =VLOOKUP(C7,'Historic Daily flows'!$A$1:$B$37941,2) -> 6.27 | G7: 0 | AG7: =AHM77 -> 0 | AH7: =$AI$1 -> 0.55 | AJ7: =AB7/AH7 -> 0 | AL7: =AD7/AH7 -> 0 | AN7: =AF7/AH7 -> 0
A8: 1983 | B8: =C8-DATE(YEAR(C8),1,1)+1 -> 83 | C8: 30399 | E8: =VLOOKUP(C8,'Historic Daily flows'!$A$1:$B$37941,2) -> 9.44 | F8: 0.1 | G8: =S8 -> 212.67606 | H8: 151 | I8: =VLOOKUP(B8,$CJ$97:$CP$253, 6) -> 0.7749 | J8: =H8/I8 -> 194.86385 | Q8: 151 | R8: =VLOOKUP(B8,CJ61:CV227, 12) -> 0.71 | S8: =Q8/R8 -> 212.67606 | Z8: =VLOOKUP(B8,$CG$86:$CI$242,2) -> 0.729 | AA8: =S8/Z8 -> 291.7367 | AB8: =0.5*(B8-B7)*G8 -> 8719.7183 | AC8: =AF8/$AF$1 -> 461.34066 | AD8: =G10 -> 326.39062 | AE8: =AC8/AD8 -> 1.4134618 | AF8: =SUM(AB8:AB11) -> 23067.033 | AG8: =G8/AH8 -> 386.68374 | AH8: =$AI$1 -> 0.55 | AJ8: =AB8/AH8 -> 15854.033 | AK8: =AN8/$AN$1 -> 838.80121 | AL8: =AD8/AH8 -> 593.43749 | AM8: =AK8/AL8 -> 1.4134618 | AN8: =AF8/AH8 -> 41940.06 | AQ8: =AL8*$AP$188 -> 0 | AT8: =AL8*$AS$177 -> 0
A9: 1983 | B9: =C9-DATE(YEAR(C9),1,1)+1 -> 103 | C9: 30419 | E9: =VLOOKUP(C9,'Historic Daily flows'!$A$1:$B$37941,2) -> 6.98 | F9: 0.15 | G9: =Y9 -> 302.5641 | N9: 236 | O9: =VLOOKUP(B9,$CJ$101:$CP$257, 7) -> 0.6581 | P9: =N9/O9 -> 358.60811 | W9: 236 | X9: =VLOOKUP(B9,$CJ$98:$CV$254, 13) -> 0.78 | Y9: =W9/X9 -> 302.5641 | Z9: =VLOOKUP(B9,$CG$86:$CI$242,2) -> 0.927 | AA9: =Y9/Z9 -> 326.39062 | AB9: =((B9-B8)*G9)-((B9-B8)*(G9-G8)*0.5) -> 5152.4016 | AG9: =G9/AH9 -> 550.11655 | AH9: =$AI$1 -> 0.55 | AJ9: =AB9/AH9 -> 9368.0029 | AL9: =AD9/AH9 -> 0 | AN9: =AF9/AH9 -> 0
A10: 1983 | B10: =C10-DATE(YEAR(C10),1,1)+1 -> 112 | C10: 30428 | E10: =VLOOKUP(C10,'Historic Daily flows'!$A$1:$B$37941,2) -> 7.6 | F10: 0.15 | G10: =AA9 -> 326.39062 | AB10: =((B10-B9)*G10)-((B10-B9)*(G10-G9)*0.5) -> 2830.2962 | AG10: =G10/AH10 -> 593.43749 | AH10: =$AI$1 -> 0.55 | AJ10: =AB10/AH10 -> 5145.9932 | AL10: =AD10/AH10 -> 0 | AN10: =AF10/AH10 -> 0
A11: 1983 | B11: =C11-DATE(YEAR(C11),1,1)+1 -> 151 | C11: 30467 | E11: =VLOOKUP(C11,'Historic Daily flows'!$A$1:$B$37941,2) -> 11.3 | G11: 0 | AB11: =0.5*(B11-B10)*G10 -> 6364.617 | AG11: =G11/AH11 -> 0 | AH11: =$AI$1 -> 0.55 | AJ11: =AB11/AH11 -> 11572.031 | AL11: =AD11/AH11 -> 0 | AN11: =AF11/AH11 -> 0
A12: 1984 | B12: =C12-DATE(YEAR(C12),1,1)+1 -> 1 | C12: 30682 | E12: =VLOOKUP(C12,'Historic Daily flows'!$A$1:$B$37941,2) -> 13.7 | G12: =AA12 -> 0 | AG12: =G12/AH12 -> 0 | AH12: =$AI$1 -> 0.55 | AJ12: =AB12/AH12 -> 0 | AL12: =AD12/AH12 -> 0 | AN12: =AF12/AH12 -> 0
A13: 1984 | B13: =C13-DATE(YEAR(C13),1,1)+1 -> 93 | C13: 30774 | E13: =VLOOKUP(C13,'Historic Daily flows'!$A$1:$B$37941,2) -> 6.12 | F13: 0.26 | G13: =S13 -> 297.64706 | H13: 253 | I13: 0.85 | J13: =H13/I13 -> 297.64706 | Q13: 253 | R13: 0.85 | S13: =Q13/R13 -> 297.64706 | Z13: =VLOOKUP(B13,$CG$86:$CI$242,2) -> 0.837 | AA13: =S13/Z13 -> 355.61178 | AB13: =0.5*($B15-$B12)*$G13 -> 22472.353 | AC13: =AF13/$AF$1 -> 718.78742 | AD13: =G14 -> 355.61178 | AE13: =AC13/AD13 -> 2.02127 | AF13: =SUM(AB12:AB15) -> 35939.371 | AG13: =G13/AH13 -> 541.17647 | AH13: =$AI$1 -> 0.55 | AJ13: =AB13/AH13 -> 40858.824 | AK13: =AN13/$AF$1 -> 1306.8862 | AL13: =AD13/AH13 -> 646.56687 | AM13: =AK13/AL13 -> 2.02127 | AN13: =AF13/AH13 -> 65344.311 | AQ13: =AL13*$AP$188 -> 0 | AT13: =AL13*$AS$177 -> 0
A14: 1984 | B14: =C14-DATE(YEAR(C14),1,1)+1 -> 113 | C14: 30794 | E14: =VLOOKUP(C14,'Historic Daily flows'!$A$1:$B$37941,2) -> 9.81 | F14: 0.26 | G14: =AA13 -> 355.61178 | AB14: =((B14-B13)*G14)-((B14-B13)*(G14-G13)*0.5) -> 6532.5884 | AG14: =G14/AH14 -> 646.56687 | AH14: =$AI$1 -> 0.55 | AJ14: =AB14/AH14 -> 11877.433 | AL14: =AD14/AH14 -> 0 | AN14: =AF14/AH14 -> 0
A15: 1984 | B15: =C15-DATE(YEAR(C15),1,1)+1 -> 152 | C15: 30833 | E15: =VLOOKUP(C15,'Historic Daily flows'!$A$1:$B$37941,2) -> 13.1 | G15: =AA15 -> 0 | R15: hootons TO | AB15: =0.5*(B15-B14)*G14 -> 6934.4297 | AG15: =G15/AH15 -> 0 | AH15: =$AI$1 -> 0.55 | AJ15: =AB15/AH15 -> 12608.054 | AL15: =AD15/AH15 -> 0 | AN15: =AF15/AH15 -> 0
A16: 1985 | B16: =C16-DATE(YEAR(C16),1,1)+1 -> 1 | C16: 31048 | E16: =VLOOKUP(C16,'Historic Daily flows'!$A$1:$B$37941,2) -> 3.52 | G16: 0 | AG16: =G16/AH16 -> 0 | AH16: =$AI$1 -> 0.55 | AJ16: =AB16/AH16 -> 0 | AL16: =AD16/AH16 -> 0 | AN16: =AF16/AH16 -> 0
A17: 1985 | B17: =C17-DATE(YEAR(C17),1,1)+1 -> 101 | C17: 31148 | E17: =VLOOKUP(C17,'Historic Daily flows'!$A$1:$B$37941,2) -> 22.8 | F17: 0.28 | G17: 471 | S17: 471 | Z17: =VLOOKUP(B17,$CG$86:$CI$242,2) -> 0.909 | AA17: =S17/Z17 -> 518.15182 | AB17: =0.5*($B19-$B16)*$G17 -> 35325 | AC17: =AF17/$AF$1 -> 1017.3859 | AD17: =G18 -> 518.15182 | AE17: =AC17/AD17 -> 1.96349 | AF17: =SUM(AB17:AB19) -> 50869.295 | AG17: =G17/AH17 -> 856.36364 | AH17: =$AI$1 -> 0.55 | AJ17: =AB17/AH17 -> 64227.273 | AK17: =AN17/$AN$1 -> 1849.7926 | AL17: =AD17/AH17 -> 942.09421 | AM17: =AK17/AL17 -> 1.96349 | AN17: =AF17/AH17 -> 92489.628 | AQ17: =AL17*$AP$188 -> 0 | AT17: =AL17*$AS$177 -> 0
A18: 1985 | B18: =C18-DATE(YEAR(C18),1,1)+1 -> 112 | C18: 31159 | E18: =VLOOKUP(C18,'Historic Daily flows'!$A$1:$B$37941,2) -> 6.06 | F18: 0.28 | G18: =AA17 -> 518.15182 | AB18: =((B18-B17)*G18)-((B18-B17)*(G18-G17)*0.5) -> 5440.335 | AG18: =G18/AH18 -> 942.09421 | AH18: =$AI$1 -> 0.55 | AJ18: =AB18/AH18 -> 9891.5182 | AL18: =AD18/AH18 -> 0 | AN18: =AF18/AH18 -> 0
A19: 1985 | B19: =C19-DATE(YEAR(C19),1,1)+1 -> 151 | C19: 31198 | E19: =VLOOKUP(C19,'Historic Daily flows'!$A$1:$B$37941,2) -> 7.54 | G19: 0 | AB19: =0.5*(B19-B18)*G18 -> 10103.96 | AG19: =G19/AH19 -> 0 | AH19: =$AI$1 -> 0.55 | AJ19: =AB19/AH19 -> 18370.837 | AL19: =AD19/AH19 -> 0 | AN19: =AF19/AH19 -> 0
A20: 1986 | B20: =C20-DATE(YEAR(C20),1,1)+1 -> 1 | C20: 31413 | E20: =VLOOKUP(C20,'Historic Daily flows'!$A$1:$B$37941,2) -> 3.62 | G20: =AA20 -> 0 | AG20: =G20/AH20 -> 0 | AH20: =$AI$1 -> 0.55 | AJ20: =AB20/AH20 -> 0 | AL20: =AD20/AH20 -> 0 | AN20: =AF20/AH20 -> 0
A21: 1986 | B21: =C21-DATE(YEAR(C21),1,1)+1 -> 40 | C21: 31452 | E21: =VLOOKUP(C21,'Historic Daily flows'!$A$1:$B$37941,2) -> 9.15 | F21: =(F17+F25)/2 -> 0.365 | G21: =S21 -> 78.873239 | H21: 56 | I21: =VLOOKUP(B21,$CJ$97:$CP$253, 6) -> 0.8118 | J21: =H21/I21 -> 68.982508 | Q21: 56 | R21: =VLOOKUP(B21,CJ61:CV227, 12) -> 0.71 | S21: =Q21/R21 -> 78.873239 | Z21: =VLOOKUP(B21,$CG$86:$CI$242,2) -> 0.36 | AA21: =S21/Z21 -> 219.09233 | AB21: =0.5*($B23-$B20)*$G21 -> 5915.493 | AC21: =AF21/$AF$1 -> 418.29108 | AD21: =G22 -> 219.09233 | AE21: =AC21/AD21 -> 1.9092 | AF21: =SUM(AB21:AB23) -> 20914.554 | AG21: =G21/AH21 -> 143.40589 | AH21: =$AI$1 -> 0.55 | AJ21: =AB21/AH21 -> 10755.442 | AK21: =AN21/$AF$1 -> 760.52924 | AL21: =AD21/AH21 -> 398.34969 | AM21: =AK21/AL21 -> 1.9092 | AN21: =AF21/AH21 -> 38026.462 | AQ21: =AL21*$AP$188 -> 0 | AT21: =AL21*$AS$177 -> 0
A22: 1986 | B22: =C22-DATE(YEAR(C22),1,1)+1 -> 112 | C22: 31524 | E22: =VLOOKUP(C22,'Historic Daily flows'!$A$1:$B$37941,2) -> 7.04 | F22: =(F18+F27)/2 -> 0.14 | G22: =AA21 -> 219.09233 | AB22: =((B22-B21)*G22)-((B22-B21)*(G22-G21)*0.5) -> 10726.761 | AG22: =G22/AH22 -> 398.34969 | AH22: =$AI$1 -> 0.55 | AJ22: =AB22/AH22 -> 19503.201 | AL22: =AD22/AH22 -> 0 | AN22: =AF22/AH22 -> 0
A23: 1986 | B23: =C23-DATE(YEAR(C23),1,1)+1 -> 151 | C23: 31563 | E23: =VLOOKUP(C23,'Historic Daily flows'!$A$1:$B$37941,2) -> 9.22 | G23: =AA23 -> 0 | AB23: =0.5*(B23-B22)*G22 -> 4272.3005 | AG23: =G23/AH23 -> 0 | AH23: =$AI$1 -> 0.55 | AJ23: =AB23/AH23 -> 7767.819 | AL23: =AD23/AH23 -> 0 | AN23: =AF23/AH23 -> 0
A24: 1987 | B24: =C24-DATE(YEAR(C24),1,1)+1 -> 1 | C24: 31778 | E24: =VLOOKUP(C24,'Historic Daily flows'!$A$1:$B$37941,2) -> 34.6 | G24: 0 | AG24: =G24/AH24 -> 0 | AH24: =$AI$1 -> 0.55 | AJ24: =AB24/AH24 -> 0 | AL24: =AD24/AH24 -> 0 | AN24: =AF24/AH24 -> 0
A25: 1987 | B25: =C25-DATE(YEAR(C25),1,1)+1 -> 86 | C25: 31863 | E25: =VLOOKUP(C25,'Historic Daily flows'!$A$1:$B$37941,2) -> 7.49 | F25: 0.45 | G25: =V25 -> 328 | K25: 164 | L25: =VLOOKUP(B25,$CJ$101:$CR$257, 4) -> 0.5319 | M25: =K25/L25 -> 308.32863 | T25: 164 | U25: =VLOOKUP(B25,$CJ$101:$CV$257, 10) -> 0.5 | V25: =T25/U25 -> 328 | Z25: =VLOOKUP(B25,$CG$86:$CI$242,2) -> 0.729 | AA25: =V25/Z25 -> 449.93141 | AB25: =0.5*($B27-$B24)*$G25 -> 24600 | AC25: =AF25/$AF$1 -> 869.73542 | AD25: =G26 -> 449.93141 | AE25: =AC25/AD25 -> 1.93304 | AF25: =SUM(AB25:AB27) -> 43486.771 | AG25: =G25/AH25 -> 596.36364 | AH25: =$AI$1 -> 0.55 | AJ25: =AB25/AH25 -> 44727.273 | AK25: =AN25/$AN$1 -> 1581.3371 | AL25: =AD25/AH25 -> 818.05711 | AM25: =AK25/AL25 -> 1.93304 | AN25: =AF25/AH25 -> 79066.856 | AQ25: =AL25*$AP$188 -> 0 | AT25: =AL25*$AS$177 -> 0
A26: 1987 | B26: =C26-DATE(YEAR(C26),1,1)+1 -> 112 | C26: 31889 | E26: =VLOOKUP(C26,'Historic Daily flows'!$A$1:$B$37941,2) -> 6.98 | F26: 0.45 | G26: =AA25 -> 449.93141 | AB26: =((B26-B25)*G26)-((B26-B25)*(G26-G25)*0.5) -> 10113.108 | AG26: =G26/AH26 -> 818.05711 | AH26: =$AI$1 -> 0.55 | AJ26: =AB26/AH26 -> 18387.47 | AL26: =AD26/AH26 -> 0 | AN26: =AF26/AH26 -> 0
A27: 1987 | B27: =C27-DATE(YEAR(C27),1,1)+1 -> 151 | C27: 31928 | E27: =VLOOKUP(C27,'Historic Daily flows'!$A$1:$B$37941,2) -> 18.8 | G27: 0 | AB27: =0.5*(B27-B26)*G26 -> 8773.6626 | AG27: =G27/AH27 -> 0 | AH27: =$AI$1 -> 0.55 | AJ27: =AB27/AH27 -> 15952.114 | AL27: =AD27/AH27 -> 0 | AN27: =AF27/AH27 -> 0
A28: 1988 | B28: =C28-DATE(YEAR(C28),1,1)+1 -> 1 | C28: 32143 | E28: =VLOOKUP(C28,'Historic Daily flows'!$A$1:$B$37941,2) -> 3.28 | G28: =AA28 -> 0 | AG28: =G28/AH28 -> 0 | AH28: =$AI$1 -> 0.55 | AJ28: =AB28/AH28 -> 0 | AL28: =AD28/AH28 -> 0 | AN28: =AF28/AH28 -> 0
A29: 1988 | B29: =C29-DATE(YEAR(C29),1,1)+1 -> 55 | C29: 32197 | E29: =VLOOKUP(C29,'Historic Daily flows'!$A$1:$B$37941,2) -> 6.52 | F29: 0.23 | G29: =S29 -> 250.70423 | H29: 178 | I29: =VLOOKUP(B29,$CJ$97:$CP$253, 6) -> 0.7983 | J29: =H29/I29 -> 222.97382 | Q29: 178 | R29: =VLOOKUP(B29,CJ74:CV233, 12) -> 0.71 | S29: =Q29/R29 -> 250.70423 | Z29: =VLOOKUP(B29,$CG$101:$CI$257,2) -> 0.495 | AA29: =S29/Z29 -> 506.47318 | AB29: =0.5*($B31-$B28)*$G29 -> 18928.169 | AC29: =AF29/$AF$1 -> 1012.7438 | AD29: =G30 -> 506.47318 | AE29: =AC29/AD29 -> 1.9996 | AF29: =SUM(AB29:AB31) -> 50637.189 | AG29: =G29/AH29 -> 455.82586 | AH29: =$AI$1 -> 0.55 | AJ29: =AB29/AH29 -> 34414.853 | AK29: =AN29/$AF$1 -> 1841.3523 | AL29: =AD29/AH29 -> 920.86033 | AM29: =AK29/AL29 -> 1.9996 | AN29: =AF29/AH29 -> 92067.616 | AQ29: =AL29*$AP$188 -> 0 | AT29: =AL29*$AS$177 -> 0
A30: 1988 | B30: =C30-DATE(YEAR(C30),1,1)+1 -> 112 | C30: 31524 | E30: =VLOOKUP(C30,'Historic Daily flows'!$A$1:$B$37941,2) -> 7.04 | F30: 0.23 | G30: =AA29 -> 506.47318 | AB30: =((B30-B29)*G30)-((B30-B29)*(G30-G29)*0.5) -> 21579.556 | AG30: =G30/AH30 -> 920.86033 | AH30: =$AI$1 -> 0.55 | AJ30: =AB30/AH30 -> 39235.557 | AL30: =AD30/AH30 -> 0 | AN30: =AF30/AH30 -> 0
A31: 1988 | B31: =C31-DATE(YEAR(C31),1,1)+1 -> 152 | C31: 32294 | E31: =VLOOKUP(C31,'Historic Daily flows'!$A$1:$B$37941,2) -> 8.86 | G31: =AA31 -> 0 | AB31: =0.5*(B31-B30)*G30 -> 10129.464 | AG31: =G31/AH31 -> 0 | AH31: =$AI$1 -> 0.55 | AJ31: =AB31/AH31 -> 18417.207 | AL31: =AD31/AH31 -> 0 | AN31: =AF31/AH31 -> 0
A32: 1989 | B32: =C32-DATE(YEAR(C32),1,1)+1 -> 1 | C32: 32509 | E32: =VLOOKUP(C32,'Historic Daily flows'!$A$1:$B$37941,2) -> 16 | G32: 0 | AG32: =G32/AH32 -> 0 | AH32: =$AI$1 -> 0.55 | AJ32: =AB32/AH32 -> 0 | AL32: =AD32/AH32 -> 0 | AN32: =AF32/AH32 -> 0
A33: 1989 | B33: =C33-DATE(YEAR(C33),1,1)+1 -> 40 | C33: 32548 | E33: =VLOOKUP(C33,'Historic Daily flows'!$A$1:$B$37941,2) -> 5.95 | F33: =(F29+F38)/2 -> 0.365 | G33: =V33 -> 80 | K33: 40 | L33: =VLOOKUP(B33,$CJ$101:$CR$257, 4) -> 0.6918 | M33: =K33/L33 -> 57.820179 | T33: 40 | U33: =VLOOKUP(B33,CJ100:CV256, 10) -> 0.5 | V33: =T33/U33 -> 80 | Z33: =VLOOKUP(B33,$CG$101:$CI$257,2) -> 0.36 | AA33: =V33/Z33 -> 222.22222 | AB33: =0.5*(B33-B32)*G33 -> 1560 | AC33: =AF33/$AF$1 -> 153.02815 | AD33: =G35 -> 81.481481 | AE33: =AC33/AD33 -> 1.8780727 | AF33: =SUM(AB33:AB36) -> 7651.4074 | AG33: =G33/AH33 -> 145.45455 | AH33: =$AI$1 -> 0.55 | AJ33: =AB33/AH33 -> 2836.3636 | AK33: =AN33/$AN$1 -> 278.233 | AL33: =AD33/AH33 -> 148.14815 | AM33: =AK33/AL33 -> 1.8780727 | AN33: =AF33/AH33 -> 13911.65 | AQ33: =AL33*$AP$188 -> 0 | AT33: =AL33*$AS$177 -> 0
A34: 1989 | B34: =C34-DATE(YEAR(C34),1,1)+1 -> 60 | C34: 32568 | E34: =VLOOKUP(C34,'Historic Daily flows'!$A$1:$B$37941,2) -> 9.08 | F34: 0.365 | G34: =V34 -> 44 | K34: 22 | L34: =VLOOKUP(B34,$CJ$101:$CR$257, 4) -> 0.6138 | M34: =K34/L34 -> 35.842294 | T34: 22 | U34: =VLOOKUP(B34,CJ101:CV257, 10) -> 0.5 | V34: =T34/U34 -> 44 | Z34: =VLOOKUP(B34,$CG$101:$CI$257,2) -> 0.54 | AA34: =V34/Z34 -> 81.481481 | AB34: =((B34-B33)*G34)-((B34-B33)*(G34-G33)*0.5) -> 1240 | AG34: =G34/AH34 -> 80 | AH34: =$AI$1 -> 0.55 | AJ34: =AB34/AH34 -> 2254.5455 | AL34: =AD34/AH34 -> 0 | AN34: =AF34/AH34 -> 0
A35: 1989 | B35: =C35-DATE(YEAR(C35),1,1)+1 -> 112 | C35: 32620 | E35: =VLOOKUP(C35,'Historic Daily flows'!$A$1:$B$37941,2) -> 15.9 | F35: 0.365 | G35: =AA34 -> 81.481481 | AB35: =((B35-B34)*G35)-((B35-B34)*(G35-G34)*0.5) -> 3262.5185 | AG35: =G35/AH35 -> 148.14815 | AH35: =$AI$1 -> 0.55 | AJ35: =AB35/AH35 -> 5931.8519 | AL35: =AD35/AH35 -> 0 | AN35: =AF35/AH35 -> 0
A36: 1989 | B36: =C36-DATE(YEAR(C36),1,1)+1 -> 151 | C36: 32659 | E36: =VLOOKUP(C36,'Historic Daily flows'!$A$1:$B$37941,2) -> 7.25 | G36: 0 | AB36: =0.5*(B36-B35)*G35 -> 1588.8889 | AG36: =G36/AH36 -> 0 | AH36: =$AI$1 -> 0.55 | AJ36: =AB36/AH36 -> 2888.8889 | AL36: =AD36/AH36 -> 0 | AN36: =AF36/AH36 -> 0
A37: 1990 | B37: =C37-DATE(YEAR(C37),1,1)+1 -> 1 | C37: 32874 | E37: =VLOOKUP(C37,'Historic Daily flows'!$A$1:$B$37941,2) -> 7.21 | G37: =AA37 -> 0 | AG37: =G37/AH37 -> 0 | AH37: =$AI$1 -> 0.55 | AJ37: =AB37/AH37 -> 0 | AL37: =AD37/AH37 -> 0 | AN37: =AF37/AH37 -> 0
A38: 1990 | B38: =C38-DATE(YEAR(C38),1,1)+1 -> 50 | C38: 32923 | E38: =VLOOKUP(C38,'Historic Daily flows'!$A$1:$B$37941,2) -> 6.9 | F38: 0.5 | G38: =V38 -> 88 | K38: 44 | L38: =VLOOKUP(B38,$CJ$101:$CR$257, 4) -> 0.6528 | M38: =K38/L38 -> 67.401961 | T38: 44 | U38: =VLOOKUP(B38,CJ104:CV260, 10) -> 0.5 | V38: =T38/U38 -> 88 | Z38: =VLOOKUP(B38,$CG$86:$CI$242,2) -> 0.45 | AA38: =V38/Z38 -> 195.55556 | AB38: =0.5*(B38-B37)*G38 -> 2156 | AC38: =AF38/$AF$1 -> 295.19111 | AD38: =G39 -> 195.55556 | AE38: =AC38/AD38 -> 1.5095 | AF38: =SUM(AB37:AB40) -> 14759.556 | AG38: =G38/AH38 -> 160 | AH38: =$AI$1 -> 0.55 | AJ38: =AB38/AH38 -> 3920 | AK38: =AN38/$AF$1 -> 536.71111 | AL38: =AD38/AH38 -> 355.55556 | AM38: =AK38/AL38 -> 1.5095 | AN38: =AF38/AH38 -> 26835.556 | AQ38: =AL38*$AP$188 -> 0 | AT38: =AL38*$AS$177 -> 0
A39: 1990 | B39: =C39-DATE(YEAR(C39),1,1)+1 -> 112 | C39: 32985 | E39: =VLOOKUP(C39,'Historic Daily flows'!$A$1:$B$37941,2) -> 10.5 | F39: 0.5 | G39: =AA38 -> 195.55556 | AB39: =((B39-B38)*G39)-((B39-B38)*(G39-G38)*0.5) -> 8790.2222 | AG39: =G39/AH39 -> 355.55556 | AH39: =$AI$1 -> 0.55 | AJ39: =AB39/AH39 -> 15982.222 | AL39: =AD39/AH39 -> 0 | AN39: =AF39/AH39 -> 0
A40: 1990 | B40: =C40-DATE(YEAR(C40),1,1)+1 -> 151 | C40: 33024 | E40: =VLOOKUP(C40,'Historic Daily flows'!$A$1:$B$37941,2) -> 4.65 | G40: =AA40 -> 0 | AB40: =0.5*(B40-B39)*G39 -> 3813.3333 | AG40: =G40/AH40 -> 0 | AH40: =$AI$1 -> 0.55 | AJ40: =AB40/AH40 -> 6933.3333 | AL40: =AD40/AH40 -> 0 | AN40: =AF40/AH40 -> 0
A41: 1991 | B41: =C41-DATE(YEAR(C41),1,1)+1 -> 1 | C41: 33239 | E41: =VLOOKUP(C41,'Historic Daily flows'!$A$1:$B$37941,2) -> 11.8 | G41: 0 | AB41: =0.5*(B41-B40)*G41 -> 0 | AC41: =AF41/$AF$1 -> 131.21449 | AD41: =G44 -> 81.145308 | AE41: =AC41/AD41 -> 1.6170312 | AF41: =SUM(AB41:AB45) -> 6560.7247 | AG41: =G41/AH41 -> 0 | AH41: =$AI$1 -> 0.55 | AJ41: =AB41/AH41 -> 0 | AL41: =AD41/AH41 -> 147.53692 | AM41: =AK42/AL41 -> 1.6170312 | AN41: =AF41/AH41 -> 11928.59 | AQ41: =AL41*$AP$188 -> 0 | AT41: =AL41*$AS$177 -> 0
A42: 1991 | B42: =C42-DATE(YEAR(C42),1,1)+1 -> 29 | C42: 33267 | E42: =VLOOKUP(C42,'Historic Daily flows'!$A$1:$B$37941,2) -> 6 | F42: 0.5 | G42: =V42 -> 34 | K42: 17 | L42: =VLOOKUP(B42,$CJ$101:$CR$257, 4) -> 0.7347 | M42: =K42/L42 -> 23.138696 | T42: 17 | U42: =VLOOKUP(B42,CJ107:CV263, 10) -> 0.5 | V42: =T42/U42 -> 34 | Z42: =VLOOKUP(B42,$CG$86:$CI$242,2) -> 0.261 | AA42: =V42/Z42 -> 130.2682 | AB42: =0.5*(B42-B41)*G42 -> 476 | AG42: =G42/AH42 -> 61.818182 | AH42: =$AI$1 -> 0.55 | AJ42: =AB42/AH42 -> 865.45455 | AK42: =AN41/$AN$1 -> 238.57181 | AL42: =AD42/AH42 -> 0 | AN42: =AF42/AH42 -> 0
A43: 1991 | B43: =C43-DATE(YEAR(C43),1,1)+1 -> 85 | C43: 33323 | E43: =VLOOKUP(C43,'Historic Daily flows'!$A$1:$B$37941,2) -> 5.69 | F43: 0.5 | G43: =S43 -> 59.15493 | H43: 42 | I43: =VLOOKUP(B43,$CJ$97:$CP$253, 6) -> 0.7749 | J43: =H43/I43 -> 54.200542 | Q43: 42 | R43: =VLOOKUP(B43,CJ78:CV236, 12) -> 0.71 | S43: =Q43/R43 -> 59.15493 | Z43: =VLOOKUP(B43,$CG$86:$CI$242,2) -> 0.729 | AA43: =S43/Z43 -> 81.145308 | AB43: =((B43-B42)*G43)-((B43-B42)*(G43-G42)*0.5) -> 2608.338 | AG43: =G43/AH43 -> 107.55442 | AH43: =$AI$1 -> 0.55 | AJ43: =AB43/AH43 -> 4742.4328 | AL43: =AD43/AH43 -> 0 | AN43: =AF43/AH43 -> 0
A44: 1991 | B44: =C44-DATE(YEAR(C44),1,1)+1 -> 112 | C44: 33350 | E44: =VLOOKUP(C44,'Historic Daily flows'!$A$1:$B$37941,2) -> 9.96 | F44: 0.5 | G44: =AA43 -> 81.145308 | AB44: =((B44-B43)*G44)-((B44-B43)*(G44-G43)*0.5) -> 1894.0532 | AG44: =G44/AH44 -> 147.53692 | AH44: =$AI$1 -> 0.55 | AJ44: =AB44/AH44 -> 3443.7331 | AL44: =AD44/AH44 -> 0 | AN44: =AF44/AH44 -> 0
A45: 1991 | B45: =C45-DATE(YEAR(C45),1,1)+1 -> 151 | C45: 33389 | E45: =VLOOKUP(C45,'Historic Daily flows'!$A$1:$B$37941,2) -> 2.76 | G45: 0 | AB45: =0.5*(B45-B44)*G44 -> 1582.3335 | AG45: =G45/AH45 -> 0 | AH45: =$AI$1 -> 0.55 | AJ45: =AB45/AH45 -> 2876.97 | AL45: =AD45/AH45 -> 0 | AN45: =AF45/AH45 -> 0
A46: 1992 | B46: =C46-DATE(YEAR(C46),1,1)+1 -> 1 | C46: 33604 | E46: =VLOOKUP(C46,'Historic Daily flows'!$A$1:$B$37941,2) -> 47.6 | G46: =AA46 -> 0 | AG46: =G46/AH46 -> 0 | AH46: =$AI$1 -> 0.55 | AJ46: =AB46/AH46 -> 0 | AL46: =AD46/AH46 -> 0 | AN46: =AF46/AH46 -> 0
A47: 1992 | B47: =C47-DATE(YEAR(C47),1,1)+1 -> 71 | C47: 33674 | E47: =VLOOKUP(C47,'Historic Daily flows'!$A$1:$B$37941,2) -> 7.81 | F47: 0.48 | G47: =S47 -> 116.90141 | H47: 83 | I47: =VLOOKUP(B47,$CJ$97:$CP$253, 6) -> 0.7839 | J47: =H47/I47 -> 105.88085 | Q47: 83 | R47: =VLOOKUP(B47,CJ83:CV239, 12) -> 0.71 | S47: =Q47/R47 -> 116.90141 | Z47: =VLOOKUP(B47,$CG$86:$CI$242,2) -> 0.639 | AA47: =S47/Z47 -> 182.9443 | AB47: =0.5*($B49-$B46)*$G47 -> 8826.0563 | AC47: =AF47/$AF$1 -> 373.8046 | AD47: =G48 -> 182.9443 | AE47: =AC47/AD47 -> 2.04327 | AF47: =SUM(AB47:AB49) -> 18690.23 | AG47: =G47/AH47 -> 212.54802 | AH47: =$AI$1 -> 0.55 | AJ47: =AB47/AH47 -> 16047.375 | AK47: =AN47/$AF$1 -> 679.64473 | AL47: =AD47/AH47 -> 332.626 | AM47: =AK47/AL47 -> 2.04327 | AN47: =AF47/AH47 -> 33982.237 | AQ47: =AL47*$AP$188 -> 0 | AT47: =AL47*$AS$177 -> 0
A48: 1992 | B48: =C48-DATE(YEAR(C48),1,1)+1 -> 113 | C48: 33716 | E48: =VLOOKUP(C48,'Historic Daily flows'!$A$1:$B$37941,2) -> 5.65 | F48: 0.48 | G48: =AA47 -> 182.9443 | AB48: =((B48-B47)*G48)-((B48-B47)*(G48-G47)*0.5) -> 6296.7599 | AG48: =G48/AH48 -> 332.626 | AH48: =$AI$1 -> 0.55 | AJ48: =AB48/AH48 -> 11448.654 | AL48: =AD48/AH48 -> 0 | AN48: =AF48/AH48 -> 0
A49: 1992 | B49: =C49-DATE(YEAR(C49),1,1)+1 -> 152 | C49: 33755 | E49: =VLOOKUP(C49,'Historic Daily flows'!$A$1:$B$37941,2) -> 1.83 | G49: =AA49 -> 0 | AB49: =0.5*(B49-B48)*G48 -> 3567.4139 | AG49: =G49/AH49 -> 0 | AH49: =$AI$1 -> 0.55 | AJ49: =AB49/AH49 -> 6486.207 | AL49: =AD49/AH49 -> 0 | AN49: =AF49/AH49 -> 0
A50: 1993 | B50: =C50-DATE(YEAR(C50),1,1)+1 -> 1 | C50: 33970 | E50: =VLOOKUP(C50,'Historic Daily flows'!$A$1:$B$37941,2) -> 3.97 | G50: 0 | AG50: =G50/AH50 -> 0 | AH50: =$AI$1 -> 0.55 | AJ50: =AB50/AH50 -> 0 | AL50: =AD50/AH50 -> 0 | AN50: =AF50/AH50 -> 0
A51: 1993 | B51: =C51-DATE(YEAR(C51),1,1)+1 -> 56 | C51: 34025 | E51: =VLOOKUP(C51,'Historic Daily flows'!$A$1:$B$37941,2) -> 2.68 | F51: 0.33 | G51: =S51 -> 101.40845 | H51: 72 | I51: =VLOOKUP(B51,$CJ$97:$CP$253, 6) -> 0.7974 | J51: =H51/I51 -> 90.293454 | Q51: 72 | R51: =VLOOKUP(B51,CJ80:CV238, 12) -> 0.71 | S51: =Q51/R51 -> 101.40845 | Z51: =VLOOKUP(B51,$CG$86:$CI$242,2) -> 0.504 | AA51: =S51/Z51 -> 201.20724 | AB51: =0.5*(B51-B50)*G51 -> 2788.7324 | AC51: =AF51/$AF$1 -> 123.96955 | AD51: =G51 -> 101.40845 | AE51: =AC51/AD51 -> 1.2224776 | AF51: =SUM(AB51:AB53) -> 6198.4777 | AG51: =G51/AH51 -> 184.379 | AH51: =$AI$1 -> 0.55 | AJ51: =AB51/AH51 -> 5070.4225 | AK51: =AN51/$AN$1 -> 225.39919 | AL51: =AD51/AH51 -> 184.379 | AM51: =AK51/AL51 -> 1.2224776 | AN51: =AF51/AH51 -> 11269.96 | AQ51: =AL51*$AP$188 -> 0 | AT51: =AL51*$AS$177 -> 0
A52: 1993 | B52: =C52-DATE(YEAR(C52),1,1)+1 -> 110 | C52: 34079 | E52: =VLOOKUP(C52,'Historic Daily flows'!$A$1:$B$37941,2) -> 12.4 | F52: 0.33 | G52: =AA52 -> 14.141414 | K52: 7 | L52: =VLOOKUP(B52,$CJ$101:$CR$257, 4) -> 0.4188 | M52: =K52/L52 -> 16.714422 | T52: 7 | U52: =VLOOKUP(B52,CJ114:CV270, 10) -> 0.5 | V52: =T52/U52 -> 14 | Z52: =VLOOKUP(B52,$CG$86:$CI$242,2) -> 0.99 | AA52: =V52/Z52 -> 14.141414 | AB52: =((B52-B51)*G52)-((B52-B51)*(G52-G51)*0.5) -> 3119.8464 | AG52: =G52/AH52 -> 25.711662 | AH52: =$AI$1 -> 0.55 | AJ52: =AB52/AH52 -> 5672.4479 | AL52: =AD52/AH52 -> 0 | AN52: =AF52/AH52 -> 0
A53: 1993 | B53: =C53-DATE(YEAR(C53),1,1)+1 -> 151 | C53: 34120 | E53: =VLOOKUP(C53,'Historic Daily flows'!$A$1:$B$37941,2) -> 8.73 | G53: 0 | AB53: =0.5*(B53-B52)*G52 -> 289.89899 | AG53: =G53/AH53 -> 0 | AH53: =$AI$1 -> 0.55 | AJ53: =AB53/AH53 -> 527.08907 | AL53: =AD53/AH53 -> 0 | AN53: =AF53/AH53 -> 0
A54: 1994 | B54: =C54-DATE(YEAR(C54),1,1)+1 -> 1 | C54: 34335 | E54: =VLOOKUP(C54,'Historic Daily flows'!$A$1:$B$37941,2) -> 20.5 | G54: =AA54 -> 0 | AG54: =G54/AH54 -> 0 | AH54: =$AI$1 -> 0.55 | AJ54: =AB54/AH54 -> 0 | AL54: =AD54/AH54 -> 0 | AN54: =AF54/AH54 -> 0
A55: 1994 | B55: =C55-DATE(YEAR(C55),1,1)+1 -> 87 | C55: 34421 | E55: =VLOOKUP(C55,'Historic Daily flows'!$A$1:$B$37941,2) -> 14.3 | F55: 0.25 | G55: =S55 -> 23.943662 | H55: 17 | I55: =VLOOKUP(B55,$CJ$97:$CP$253, 6) -> 0.7749 | J55: =H55/I55 -> 21.938315 | Q55: 17 | R55: =VLOOKUP(B55,CJ86:CV242, 12) -> 0.71 | S55: =Q55/R55 -> 23.943662 | Z55: =VLOOKUP(B55,$CG$86:$CI$242,2) -> 0.729 | AA55: =S55/Z55 -> 32.844529 | AB55: =0.5*($B55-$B54)*$G55 -> 1029.5775 | AC55: =AF55/$AF$1 -> 47.597964 | AD55: =G56 -> 32.844529 | AE55: =AC55/AD55 -> 1.44919 | AF55: =SUM(AB55:AB57) -> 2379.8982 | AG55: =G55/AH55 -> 43.533931 | AH55: =$AI$1 -> 0.55 | AJ55: =AB55/AH55 -> 1871.959 | AK55: =AN55/$AF$1 -> 86.541752 | AL55: =AD55/AH55 -> 59.717326 | AM55: =AK55/AL55 -> 1.44919 | AN55: =AF55/AH55 -> 4327.0876 | AQ55: =AL55*$AP$188 -> 0 | AT55: =AL55*$AS$177 -> 0
A56: 1994 | B56: =C56-DATE(YEAR(C56),1,1)+1 -> 112 | C56: 34446 | E56: =VLOOKUP(C56,'Historic Daily flows'!$A$1:$B$37941,2) -> 12.1 | F56: 0.25 | G56: =AA55 -> 32.844529 | AB56: =((B56-B55)*G56)-((B56-B55)*(G56-G55)*0.5) -> 709.85239 | AG56: =G56/AH56 -> 59.717326 | AH56: =$AI$1 -> 0.55 | AJ56: =AB56/AH56 -> 1290.6407 | AL56: =AD56/AH56 -> 0 | AN56: =AF56/AH56 -> 0
A57: 1994 | B57: =C57-DATE(YEAR(C57),1,1)+1 -> 151 | C57: 34485 | E57: =VLOOKUP(C57,'Historic Daily flows'!$A$1:$B$37941,2) -> 4.2 | G57: =AA57 -> 0 | AB57: =0.5*(B57-B56)*G56 -> 640.46832 | AG57: =G57/AH57 -> 0 | AH57: =$AI$1 -> 0.55 | AJ57: =AB57/AH57 -> 1164.4879 | AL57: =AD57/AH57 -> 0 | AN57: =AF57/AH57 -> 0
A58: 1995 | B58: =C58-DATE(YEAR(C58),1,1)+1 -> 1 | C58: 34700 | E58: =VLOOKUP(C58,'Historic Daily flows'!$A$1:$B$37941,2) -> 12.3 | G58: 0 | AG58: =G58/AH58 -> 0 | AH58: =$AI$1 -> 0.55 | AJ58: =AB58/AH58 -> 0 | AL58: =AD58/AH58 -> 0 | AN58: =AF58/AH58 -> 0
A59: 1995 | B59: =C59-DATE(YEAR(C59),1,1)+1 -> 60 | C59: 34759 | E59: =VLOOKUP(C59,'Historic Daily flows'!$A$1:$B$37941,2) -> 9.43 | F59: 0.27 | G59: =S59 -> 50.704225 | H59: 36 | I59: =VLOOKUP(B59,$CJ$97:$CP$253, 6) -> 0.7938 | J59: =H59/I59 -> 45.351474 | Q59: 36 | R59: =VLOOKUP(B59,CJ89:CV245, 12) -> 0.71 | S59: =Q59/R59 -> 50.704225 | Z59: =VLOOKUP(B59,CG89:CI245,2) -> 0.54 | AA59: =S59/Z59 -> 93.896714 | AB59: =0.5*($B61-$B58)*$G59 -> 3802.8169 | AC59: =AF59/$AF$1 -> 187.86854 | AD59: =G60 -> 93.896714 | AE59: =AC59/AD59 -> 2.0008 | AF59: =SUM(AB58:AB61) -> 9393.4272 | AG59: =G59/AH59 -> 92.189501 | AH59: =$AI$1 -> 0.55 | AJ59: =AB59/AH59 -> 6914.2125 | AK59: =AN59/$AN$1 -> 341.57917 | AL59: =AD59/AH59 -> 170.7213 | AM59: =AK59/AL59 -> 2.0008 | AN59: =AF59/AH59 -> 17078.959 | AQ59: =AL59*$AP$188 -> 0 | AT59: =AL59*$AS$177 -> 0
A60: 1995 | B60: =C60-DATE(YEAR(C60),1,1)+1 -> 112 | C60: 34811 | E60: =VLOOKUP(C60,'Historic Daily flows'!$A$1:$B$37941,2) -> 6.01 | F60: 0.27 | G60: =AA59 -> 93.896714 | AB60: =((B60-B59)*G60)-((B60-B59)*(G60-G59)*0.5) -> 3759.6244 | AG60: =G60/AH60 -> 170.7213 | AH60: =$AI$1 -> 0.55 | AJ60: =AB60/AH60 -> 6835.6808 | AL60: =AD60/AH60 -> 0 | AN60: =AF60/AH60 -> 0
A61: 1995 | B61: =C61-DATE(YEAR(C61),1,1)+1 -> 151 | C61: 34850 | E61: =VLOOKUP(C61,'Historic Daily flows'!$A$1:$B$37941,2) -> 6.2 | G61: 0 | AB61: =0.5*(B61-B60)*G60 -> 1830.9859 | AG61: =G61/AH61 -> 0 | AH61: =$AI$1 -> 0.55 | AJ61: =AB61/AH61 -> 3329.0653 | AL61: =AD61/AH61 -> 0 | AN61: =AF61/AH61 -> 0
A62: 1996 | B62: =C62-DATE(YEAR(C62),1,1)+1 -> 1 | C62: 35065 | E62: =VLOOKUP(C62,'Historic Daily flows'!$A$1:$B$37941,2) -> 21.3 | G62: =AA62 -> 0 | AG62: =G62/AH62 -> 0 | AH62: =$AI$1 -> 0.55 | AJ62: =AB62/AH62 -> 0 | AL62: =AD62/AH62 -> 0 | AN62: =AF62/AH62 -> 0
A63: 1996 | B63: =C63-DATE(YEAR(C63),1,1)+1 -> 88 | C63: 35152 | E63: =VLOOKUP(C63,'Historic Daily flows'!$A$1:$B$37941,2) -> 5.99 | F63: 0.15 | G63: =S63 -> 42.253521 | H63: 30 | I63: =VLOOKUP(B63,$CJ$97:$CP$253, 6) -> 0.7749 | J63: =H63/I63 -> 38.714673 | Q63: 30 | R63: =VLOOKUP(B63,CJ92:CV248, 12) -> 0.71 | S63: =Q63/R63 -> 42.253521 | Z63: =VLOOKUP(B63,CG92:CI248,2) -> 0.729 | AA63: =S63/Z63 -> 57.960934 | AB63: =0.5*($B65-$B62)*$G63 -> 3190.1408 | AC63: =AF63/$AF$1 -> 111.4612 | AD63: =G64 -> 57.960934 | AE63: =AC63/AD63 -> 1.92304 | AF63: =SUM(AB63:AB65) -> 5573.0598 | AG63: =G63/AH63 -> 76.824584 | AH63: =$AI$1 -> 0.55 | AJ63: =AB63/AH63 -> 5800.2561 | AK63: =AN63/$AF$1 -> 202.65672 | AL63: =AD63/AH63 -> 105.38352 | AM63: =AK63/AL63 -> 1.92304 | AN63: =AF63/AH63 -> 10132.836 | AQ63: =AL63*$AP$188 -> 0 | AT63: =AL63*$AS$177 -> 0
A64: 1996 | B64: =C64-DATE(YEAR(C64),1,1)+1 -> 113 | C64: 35177 | E64: =VLOOKUP(C64,'Historic Daily flows'!$A$1:$B$37941,2) -> 10 | F64: 0.15 | G64: =AA63 -> 57.960934 | AB64: =((B64-B63)*G64)-((B64-B63)*(G64-G63)*0.5) -> 1252.6807 | AG64: =G64/AH64 -> 105.38352 | AH64: =$AI$1 -> 0.55 | AJ64: =AB64/AH64 -> 2277.6013 | AL64: =AD64/AH64 -> 0 | AN64: =AF64/AH64 -> 0
A65: 1996 | B65: =C65-DATE(YEAR(C65),1,1)+1 -> 152 | C65: 35216 | E65: =VLOOKUP(C65,'Historic Daily flows'!$A$1:$B$37941,2) -> 5.3 | G65: =AA65 -> 0 | AB65: =0.5*(B65-B64)*G64 -> 1130.2382 | AG65: =G65/AH65 -> 0 | AH65: =$AI$1 -> 0.55 | AJ65: =AB65/AH65 -> 2054.9786 | AL65: =AD65/AH65 -> 0 | AN65: =AF65/AH65 -> 0
A66: 1998 | B66: =C66-DATE(YEAR(C66),1,1)+1 -> 1 | C66: 72321 | E66: =VLOOKUP(C66,'Historic Daily flows'!$A$1:$B$37941,2) -> 1.261 | G66: 0 | AG66: =G66/AH66 -> 0 | AH66: =$AI$1 -> 0.55 | AJ66: =AB66/AH66 -> 0 | AL66: =AD66/AH66 -> 0 | AN66: =AF66/AH66 -> 0
A67: 1998 | B67: =C67-DATE(YEAR(C67),1,1)+1 -> 63 | C67: 35858 | E67: =VLOOKUP(C67,'Historic Daily flows'!$A$1:$B$37941,2) -> 10.1 | F67: 0.25 | G67: =S67 -> 5.6338028 | H67: 4 | Q67: 4 | R67: =VLOOKUP(B67,CJ95:CV251, 12) -> 0.71 | S67: =Q67/R67 -> 5.6338028 | Z67: =VLOOKUP(B67,CG92:CI248,2) -> 0.567 | AA67: =S67/Z67 -> 9.9361602 | AB67: =0.5*($B69-$B66)*$G67 -> 422.53521 | AC67: =AF67/$AF$1 -> 19.955089 | AD67: =G68 -> 9.9361602 | AE67: =AC67/AD67 -> 2.00833 | AF67: =SUM(AB67:AB69) -> 997.75443 | AG67: =G67/AH67 -> 10.243278 | AH67: =$AI$1 -> 0.55 | AJ67: =AB67/AH67 -> 768.24584 | AK67: =AN67/$AN$1 -> 36.281979 | AL67: =AD67/AH67 -> 18.065746 | AM67: =AK67/AL67 -> 2.00833 | AN67: =AF67/AH67 -> 1814.099 | AQ67: =AL67*$AP$188 -> 0 | AT67: =AL67*$AS$177 -> 0
A68: 1998 | B68: =C68-DATE(YEAR(C68),1,1)+1 -> 112 | C68: 35907 | E68: =VLOOKUP(C68,'Historic Daily flows'!$A$1:$B$37941,2) -> 5.62 | F68: 0.25 | G68: =AA67 -> 9.9361602 | AB68: =((B68-B67)*G68)-((B68-B67)*(G68-G67)*0.5) -> 381.46409 | AG68: =G68/AH68 -> 18.065746 | AH68: =$AI$1 -> 0.55 | AJ68: =AB68/AH68 -> 693.57108 | AL68: =AD68/AH68 -> 0 | AN68: =AF68/AH68 -> 0
A69: 1998 | B69: =C69-DATE(YEAR(C69),1,1)+1 -> 151 | C69: 35946 | E69: =VLOOKUP(C69,'Historic Daily flows'!$A$1:$B$37941,2) -> 6.61 | G69: 0 | AB69: =0.5*(B69-B68)*G68 -> 193.75512 | AG69: =G69/AH69 -> 0 | AH69: =$AI$1 -> 0.55 | AJ69: =AB69/AH69 -> 352.28204 | AL69: =AD69/AH69 -> 0 | AN69: =AF69/AH69 -> 0
A70: 1999 | B70: =C70-DATE(YEAR(C70),1,1)+1 -> 1 | C70: 72686 | E70: =VLOOKUP(C70,'Historic Daily flows'!$A$1:$B$37941,2) -> 1.261 | G70: 0 | AG70: =G70/AH70 -> 0 | AH70: =$AI$1 -> 0.55 | AJ70: =AB70/AH70 -> 0 | AL70: =AD70/AH70 -> 0 | AN70: =AF70/AH70 -> 0
A71: 1999 | B71: =C71-DATE(YEAR(C71),1,1)+1 -> 67 | C71: 36227 | E71: =VLOOKUP(C71,'Historic Daily flows'!$A$1:$B$37941,2) -> 14.4 | G71: =AA71 -> 39.707565 | H71: 17 | I71: =VLOOKUP(B71,CJ95:CP251, 6) -> 0.7875 | J71: =H71/I71 -> 21.587302 | Q71: 17 | R71: =VLOOKUP(B71,CJ95:CV251, 12) -> 0.71 | S71: =Q71/R71 -> 23.943662 | Z71: =VLOOKUP(B71,CG95:CI251,2) -> 0.603 | AA71: =S71/Z71 -> 39.707565 | AB71: =0.5*($B74-$B70)*$G71 -> 2978.0674 | AC71: =AF71/$AF$1 -> 178.859 | AD71: =G73 -> 116.95906 | AE71: =AC71/AD71 -> 1.5292444 | AF71: =SUM(AB71:AB74) -> 8942.9499 | AG71: =G71/AH71 -> 72.195574 | AH71: =$AI$1 -> 0.55 | AJ71: =AB71/AH71 -> 5414.668 | AK71: =AN71/$AF$1 -> 325.19818 | AL71: =AD71/AH71 -> 212.65284 | AM71: =AK71/AL71 -> 1.5292444 | AN71: =AF71/AH71 -> 16259.909 | AQ71: =AL71*$AP$188 -> 0 | AT71: =AL71*$AS$177 -> 0
A72: 1999 | B72: =C72-DATE(YEAR(C72),1,1)+1 -> 98 | C72: 36258 | E72: =VLOOKUP(C72,'Historic Daily flows'!$A$1:$B$37941,2) -> 12.5 | F72: 0.15 | G72: =V72 -> 100 | K72: 50 | L72: =VLOOKUP(B72,$CJ$101:$CR$257, 4) -> 0.4773 | M72: =K72/L72 -> 104.75592 | T72: 50 | U72: =VLOOKUP(B72,$CJ$101:$CV$257, 10) -> 0.5 | V72: =T72/U72 -> 100 | Z72: =VLOOKUP(B72,CG96:CI252,2) -> 0.855 | AA72: =V72/Z72 -> 116.95906 | AB72: =((B72-B71)*G72)-((B72-B71)*(G72-G71)*0.5) -> 2165.4673 | AG72: =G72/AH72 -> 181.81818 | AH72: =$AI$1 -> 0.55 | AJ72: =AB72/AH72 -> 3937.2132 | AL72: =AD72/AH72 -> 0 | AN72: =AF72/AH72 -> 0
A73: 1999 | B73: =C73-DATE(YEAR(C73),1,1)+1 -> 112 | C73: 36272 | E73: =VLOOKUP(C73,'Historic Daily flows'!$A$1:$B$37941,2) -> 19.7 | F73: 0.15 | G73: =AA72 -> 116.95906 | AB73: =((B73-B72)*G73)-((B73-B72)*(G73-G72)*0.5) -> 1518.7135 | AG73: =G73/AH73 -> 212.65284 | AH73: =$AI$1 -> 0.55 | AJ73: =AB73/AH73 -> 2761.2972 | AL73: =AD73/AH73 -> 0 | AN73: =AF73/AH73 -> 0
A74: 1999 | B74: =C74-DATE(YEAR(C74),1,1)+1 -> 151 | C74: 36311 | E74: =VLOOKUP(C74,'Historic Daily flows'!$A$1:$B$37941,2) -> 26.6 | G74: 0 | AB74: =0.5*(B74-B73)*G73 -> 2280.7018 | AG74: =G74/AH74 -> 0 | AH74: =$AI$1 -> 0.55 | AJ74: =AB74/AH74 -> 4146.7305 | AL74: =AD74/AH74 -> 0 | AN74: =AF74/AH74 -> 0
A75: 2000 | B75: =C75-DATE(YEAR(C75),1,1)+1 -> 1 | C75: 36526 | E75: =VLOOKUP(C75,'Historic Daily flows'!$A$1:$B$37941,2) -> 6.72 | G75: 0 | AG75: =G75/AH75 -> 0 | AH75: =$AI$1 -> 0.55 | AJ75: =AB75/AH75 -> 0 | AL75: =AD75/AH75 -> 0 | AN75: =AF75/AH75 -> 0
A76: 2000 | B76: =C76-DATE(YEAR(C76),1,1)+1 -> 88 | C76: 36613 | D76: 4.67 | E76: =VLOOKUP(C76,'Historic Daily flows'!$A$1:$B$37941,2) -> 9.4 | G76: =V76 -> 14 | K76: 7 | L76: =VLOOKUP(B76,$CJ$101:$CR$257, 4) -> 0.5319 | M76: =K76/L76 -> 13.160368 | T76: 7 | U76: =VLOOKUP(B76,$CJ$101:$CV$257, 10) -> 0.5 | V76: =T76/U76 -> 14 | Z76: =VLOOKUP(B76,$CG$98:$CI$254,2) -> 0.729 | AA76: =M76/Z76 -> 18.052632 | AB76: =0.5*($B78-$B75)*$G76 -> 1057 | AC76: =AF76/$AF$1 -> 36.193684 | AD76: =G77 -> 18.052632 | AE76: =AC76/AD76 -> 2.004898 | AF76: =SUM(AB76:AB78) -> 1809.6842 | AG76: =G76/AH76 -> 25.454545 | AH76: =$AI$1 -> 0.55 | AJ76: =AB76/AH76 -> 1921.8182 | AK76: =AN76/$AN$1 -> 65.806699 | AL76: =AD76/AH76 -> 32.822967 | AM76: =AK76/AL76 -> 2.004898 | AN76: =AF76/AH76 -> 3290.3349 | AQ76: =AL76*$AP$188 -> 0 | AT76: =AL76*$AS$177 -> 0 | AU76: =AD76/AW76 -> 18.611344 | AV76: =B76/D76 -> 18.843683 | AW76: =VLOOKUP(AV76,$CB$102:$CC$271,2) -> 0.96998 | AX76: =AZ76/$BA$1 -> 28.10313 | AY76: =AX76/AD76 -> 1.5567331 | AZ76: =0.5*(B78-B75)*AU76 -> 1405.1565 | BA76: =AZ76 -> 1405.1565
A77: 2000 | B77: =C77-DATE(YEAR(C77),1,1)+1 -> 113 | C77: 36638 | D77: 5.67 | E77: =VLOOKUP(C77,'Historic Daily flows'!$A$1:$B$37941,2) -> 12.7 | G77: =AA76 -> 18.052632 | AB77: =((B77-B76)*G77)-((B77-B76)*(G77-G76)*0.5) -> 400.6579 | AG77: =G77/AH77 -> 32.822967 | AH77: =$AI$1 -> 0.55 | AJ77: =AB77/AH77 -> 728.4689 | AL77: =AD77/AH77 -> 0 | AN77: =AF77/AH77 -> 0
A78: 2000 | B78: =C78-DATE(YEAR(C78),1,1)+1 -> 152 | C78: 36677 | E78: =VLOOKUP(C78,'Historic Daily flows'!$A$1:$B$37941,2) -> 9.51 | G78: 0 | AB78: =0.5*(B78-B77)*G77 -> 352.02632 | AG78: =G78/AH78 -> 0 | AH78: =$AI$1 -> 0.55 | AJ78: =AB78/AH78 -> 640.04785 | AL78: =AD78/AH78 -> 0 | AN78: =AF78/AH78 -> 0
A79: 2001 | B79: =C79-DATE(YEAR(C79),1,1)+1 -> 1 | C79: 36892 | E79: =VLOOKUP(C79,'Historic Daily flows'!$A$1:$B$37941,2) -> 12.5 | G79: 0 | AG79: =G79/AH79 -> 0 | AH79: =$AI$1 -> 0.55 | AJ79: =AB79/AH79 -> 0 | AL79: =AD79/AH79 -> 0 | AN79: =AF79/AH79 -> 0
A80: 2001 | B80: =C80-DATE(YEAR(C80),1,1)+1 -> 71 | C80: 36962 | D80: 4.67 | E80: =VLOOKUP(C80,'Historic Daily flows'!$A$1:$B$37941,2) -> 4.1 | G80: =S80 -> 76.056338 | H80: 54 | I80: =VLOOKUP(B80,CJ101:CP257, 6) -> 0.7839 | J80: =H80/I80 -> 68.886338 | Q80: 54 | R80: =VLOOKUP(B80,CJ101:CV257, 12) -> 0.71 | S80: =Q80/R80 -> 76.056338 | Z80: =VLOOKUP(B80,CG101:CI257,2) -> 0.639 | AA80: =S80/Z80 -> 119.024 | AB80: =0.5*(B80-B79)*G80 -> 2661.9718 | AC80: =AF80/$AF$1 -> 122.99218 | AD80: =G80 -> 76.056338 | AE80: =AC80/AD80 -> 1.6171193 | AF80: =SUM(AB80:AB83) -> 6149.6088 | AG80: =G80/AH80 -> 138.28425 | AH80: =$AI$1 -> 0.55 | AJ80: =AB80/AH80 -> 4839.9488 | AK80: =AN80/$AF$1 -> 223.62214 | AL80: =AD80/AH80 -> 138.28425 | AM80: =AK80/AL80 -> 1.6171193 | AN80: =AF80/AH80 -> 11181.107 | AQ80: =AL80*$AP$188 -> 0 | AT80: =AL80*$AS$177 -> 0 | AU80: =AD81/AW80 -> 0 | AV80: =B80/D80 -> 15.203426 | AW80: =VLOOKUP(AV80,$CB$102:$CC$271,2) -> 0.79216 | AX80: =AZ80/$BA$1 -> 0 | AY80: =AX80/AD81 -> #DIV/0! | AZ80: =0.5*(B83-B79)*AU80 -> 0 | BA80: =AZ80 -> 0
A81: 2001 | B81: =C81-DATE(YEAR(C81),1,1)+1 -> 96 | C81: 36987 | D81: 7 | E81: =VLOOKUP(C81,'Historic Daily flows'!$A$1:$B$37941,2) -> 7.03 | G81: =S81 -> 53.521127 | H81: 38 | I81: =VLOOKUP(B81,CJ102:CP258, 6) -> 0.7623 | J81: =H81/I81 -> 49.849141 | Q81: 38 | R81: =VLOOKUP(B81,CJ102:CV258, 12) -> 0.71 | S81: =Q81/R81 -> 53.521127 | Z81: =VLOOKUP(B81,CG102:CI258,2) -> 0.855 | AA81: =S81/Z81 -> 62.597809 | AB81: =((B81-B80)*G81)-((B80-B80)*(G80-G80)*0.5) -> 1338.0282 | AG81: =G81/AH81 -> 97.31114 | AH81: =$AI$1 -> 0.55 | AJ81: =AB81/AH81 -> 2432.7785 | AL81: =AD81/AH81 -> 0 | AN81: =AF81/AH81 -> 0
A82: 2001 | B82: =C82-DATE(YEAR(C82),1,1)+1 -> 112 | C82: 37003 | D82: 8 | E82: =VLOOKUP(C82,'Historic Daily flows'!$A$1:$B$37941,2) -> 7.9 | G82: =AA81 -> 62.597809 | AB82: =((B82-B81)*G82)-((B82-B81)*(G82-G81)*0.5) -> 928.95149 | AG82: =G82/AH82 -> 113.8142 | AH82: =$AI$1 -> 0.55 | AJ82: =AB82/AH82 -> 1689.0027 | AL82: =AD82/AH82 -> 0 | AN82: =AF82/AH82 -> 0
A83: 2001 | B83: =C83-DATE(YEAR(C83),1,1)+1 -> 151 | C83: 37042 | E83: =VLOOKUP(C83,'Historic Daily flows'!$A$1:$B$37941,2) -> 4.45 | G83: 0 | AB83: =0.5*(B83-B82)*G82 -> 1220.6573 | AG83: =G83/AH83 -> 0 | AH83: =$AI$1 -> 0.55 | AJ83: =AB83/AH83 -> 2219.3769 | AL83: =AD83/AH83 -> 0 | AN83: =AF83/AH83 -> 0
A84: 2002 | B84: =C84-DATE(YEAR(C84),1,1)+1 -> 1 | C84: 37257 | E84: =VLOOKUP(C84,'Historic Daily flows'!$A$1:$B$37941,2) -> 9.46 | G84: 0 | AD84: =AD85 -> 73 | AG84: =G84/AH84 -> 0 | AH84: =$AI$1 -> 0.55 | AL84: =MAX($G$84:$G$91)/AH84 -> 132.72727 | AT84: =AL84*$AS$177 -> 0 | AU84: 0 | BC84: Poly | BD84: linear
A85: 2002 | B85: =C85-DATE(YEAR(C85),1,1)+1 -> 18 | C85: 37274 | D85: 15 | E85: =VLOOKUP(C85,'Historic Daily flows'!$A$1:$B$37941,2) -> 8.72 | G85: 17 | AB85: =0.5*($B85-$B84)*$G85 -> 144.5 | AD85: =AD86 -> 73 | AG85: =G85/AH85 -> 30.909091 | AH85: =$AI$1 -> 0.55 | AJ85: =0.5*($B85-$B84)*$AG85 -> 262.72727 | AL85: =MAX($G$84:$G$91)/AH85 -> 132.72727 | AU85: =G85/AW85 -> 68 | AV85: =B85/D85 -> 1.2 | AW85: =VLOOKUP(AV85,$CB$102:$CC$271,2) -> 0.25 | AZ85: =0.5*(B85-B84)*AU85 -> 578 | BB85: =B85 -> 18 | BC85: =G85/AD85 -> 0.23287671 | BD85: 0.23287671 | BE85: 5 | BF85: =5/17 -> 0.29411765 | BG85: 11 | BH85: =11/17 -> 0.64705882 | BI85: 1 | BJ85: =1/17 -> 0.058823529 | BK85: =0/17 -> 0
A86: 2002 | B86: =C86-DATE(YEAR(C86),1,1)+1 -> 44 | C86: 37300 | D86: 12.5 | E86: =VLOOKUP(C86,'Historic Daily flows'!$A$1:$B$37941,2) -> 8.67 | G86: 16 | AB86: =((B86-B85)*G86)-((B86-B85)*(G86-G85)*0.5) -> 429 | AD86: =AD87 -> 73 | AG86: =G86/AH86 -> 29.090909 | AH86: =$AI$1 -> 0.55 | AJ86: =((B86-B85)*AG86)-((B86-B85)*(AG86-AG85)*0.5) -> 780 | AL86: =MAX($G$84:$G$91)/AH86 -> 132.72727 | AU86: =G86/AW86 -> 64 | AV86: =B86/D86 -> 3.52 | AW86: =VLOOKUP(AV86,$CB$102:$CC$271,2) -> 0.25 | AZ86: =((B86-B85)*AU86)-((B86-B85)*(AU86-AU85)*0.5) -> 1716 | BB86: =B86 -> 44 | BC86: =G86/AD86 -> 0.21917808 | BD86: 0.21917808 | BE86: 4 | BF86: =4/16 -> 0.25 | BG86: 12 | BH86: =12/16 -> 0.75 | BI86: 0 | BJ86: =0/15 -> 0 | BK86: =0/16 -> 0 | CB86: Relationship 1
A87: 2002 | B87: =C87-DATE(YEAR(C87),1,1)+1 -> 68 | C87: 37324 | D87: 9 | E87: =VLOOKUP(C87,'Historic Daily flows'!$A$1:$B$37941,2) -> 4.54 | G87: 46 | AB87: =((B87-B86)*G87)-((B87-B86)*(G87-G86)*0.5) -> 744 | AD87: =AD88 -> 73 | AG87: =G87/AH87 -> 83.636364 | AH87: =$AI$1 -> 0.55 | AJ87: =((B87-B86)*AG87)-((B87-B86)*(AG87-AG86)*0.5) -> 1352.7273 | AL87: =MAX($G$84:$G$91)/AH87 -> 132.72727 | AU87: =G87/AW87 -> 119.72308 | AV87: =B87/D87 -> 7.5555556 | AW87: =VLOOKUP(AV87,$CB$102:$CC$271,2) -> 0.38422 | AZ87: =((B87-B86)*AU87)-((B87-B86)*(AU87-AU86)*0.5) -> 2204.6769 | BB87: =B87 -> 68 | BC87: =G87/AD87 -> 0.63013699 | BD87: 0.63013699 | BE87: 11 | BF87: =11/46 -> 0.23913043 | BG87: 29 | BH87: =29/46 -> 0.63043478 | BI87: 6 | BJ87: =6/46 -> 0.13043478 | BK87: 0
A88: 2002 | B88: =C88-DATE(YEAR(C88),1,1)+1 -> 81 | C88: 37337 | D88: 10.5 | E88: =VLOOKUP(C88,'Historic Daily flows'!$A$1:$B$37941,2) -> 6.22 | G88: 50 | AB88: =((B88-B87)*G88)-((B88-B87)*(G88-G87)*0.5) -> 624 | AD88: =AD89 -> 73 | AG88: =G88/AH88 -> 90.909091 | AH88: =$AI$1 -> 0.55 | AJ88: =((B88-B87)*AG88)-((B88-B87)*(AG88-AG87)*0.5) -> 1134.5455 | AL88: =MAX($G$84:$G$91)/AH88 -> 132.72727 | AU88: =G88/AW88 -> 126.68491 | AV88: =B88/D88 -> 7.7142857 | AW88: =VLOOKUP(AV88,$CB$102:$CC$271,2) -> 0.39468 | AZ88: =((B88-B87)*AU88)-((B88-B87)*(AU88-AU87)*0.5) -> 1601.6519 | BB88: =B88 -> 81 | BC88: =G88/AD88 -> 0.68493151 | BD88: 0.68493151 | BE88: 9 | BF88: =9/50 -> 0.18 | BG88: 30 | BH88: =30/50 -> 0.6 | BI88: 11 | BJ88: =11/50 -> 0.22 | BK88: =0/72 -> 0 | CB88: Y=(((0.0523)X)-0.0028)
A89: 2002 | B89: =C89-DATE(YEAR(C89),1,1)+1 -> 116 | C89: 37372 | D89: 7.62 | E89: =VLOOKUP(C89,'Historic Daily flows'!$A$1:$B$37941,2) -> 9.19 | G89: 73 | AB89: =((B89-B88)*G89)-((B89-B88)*(G89-G88)*0.5) -> 2152.5 | AD89: =AD90 -> 73 | AG89: =G89/AH89 -> 132.72727 | AH89: =$AI$1 -> 0.55 | AJ89: =((B89-B88)*AG89)-((B89-B88)*(AG89-AG88)*0.5) -> 3913.6364 | AL89: =MAX($G$84:$G$91)/AH89 -> 132.72727 | AU89: =G89/AW89 -> 92.1531 | AV89: =B89/D89 -> 15.223097 | AW89: =VLOOKUP(AV89,$CB$102:$CC$271,2) -> 0.79216 | AZ89: =((B89-B88)*AU89)-((B89-B88)*(AU89-AU88)*0.5) -> 3829.6652 | BB89: =B89 -> 116 | BC89: =G89/AD89 -> 1 | BD89: 1 | BE89: 10 | BF89: =10/72 -> 0.13888889 | BG89: 23 | BH89: =23/72 -> 0.31944444 | BI89: 34 | BJ89: =34/72 -> 0.47222222 | BK89: 3 | CB89: 0.0523 | CC89: 0.0028
A90: 2002 | B90: =C90-DATE(YEAR(C90),1,1)+1 -> 134 | C90: 37390 | D90: 10.6 | E90: =VLOOKUP(C90,'Historic Daily flows'!$A$1:$B$37941,2) -> 10.6 | G90: 29 | AB90: =((B90-B89)*G90)-((B90-B89)*(G90-G89)*0.5) -> 918 | AD90: =AD91 -> 73 | AG90: =G90/AH90 -> 52.727273 | AH90: =$AI$1 -> 0.55 | AJ90: =((B90-B89)*AG90)-((B90-B89)*(AG90-AG89)*0.5) -> 1669.0909 | AL90: =MAX($G$84:$G$91)/AH90 -> 132.72727 | AU90: =G90/AW90 -> 44.19519 | AV90: =B90/D90 -> 12.641509 | AW90: =VLOOKUP(AV90,$CB$102:$CC$271,2) -> 0.65618 | AZ90: =((B90-B89)*AU90)-((B90-B89)*(AU90-AU89)*0.5) -> 1227.1346 | BB90: =B90 -> 134 | BC90: =G90/AD90 -> 0.39726027 | BE90: 3 | BF90: =3/28 -> 0.10714286 | BG90: 9 | BH90: =9/28 -> 0.32142857 | BI90: 16 | BJ90: =16/28 -> 0.57142857
A91: 2002 | B91: =C91-DATE(YEAR(C91),1,1)+1 -> 151 | C91: 37407 | E91: =VLOOKUP(C91,'Historic Daily flows'!$A$1:$B$37941,2) -> 10.7 | G91: 0 | AB91: =0.5*(B91-B90)*G90 -> 246.5 | AC91: =AF91/$AF$1 -> 6.8 | AD91: =MAX(G84:G91) -> 73 | AE91: =AC91/AD91 -> 0.093150685 | AF91: 340 | AG91: =G91/AH91 -> 0 | AH91: =$AI$1 -> 0.55 | AJ91: =0.5*(B91-B90)*AG90 -> 448.18182 | AK91: =AN91/$AN$1 -> 191.21818 | AL91: =MAX($G$84:$G$91)/AH91 -> 132.72727 | AM91: =AK91/AL91 -> 1.4406849 | AN91: =SUM(AJ85:AJ91) -> 9560.9091 | AO91: 340 | AP91: 4.57 | AQ91: =AO91 -> 340 | AR91: 340 | AS91: 4.65 | AT91: =AL91*$AS$177 -> 0 | AU91: 0 | AX91: =BA91/BA1 -> 230.65575 | AY91: =AX91/AD91 -> 3.1596679 | AZ91: =0.5*(B91-B90)*AU90 -> 375.65912 | BA91: =SUM(AZ85:AZ91) -> 11532.788
A92: 2003 | B92: =C92-DATE(YEAR(C92),1,1)+1 -> 1 | C92: 37622 | E92: =VLOOKUP(C92,'Historic Daily flows'!$A$1:$B$37941,2) -> 14.6 | G92: 0 | AD92: =AD93 -> 50 | AG92: =G92/AH92 -> 0 | AH92: =$AI$1 -> 0.55 | AL92: =MAX($G$92:$G$99)/AH92 -> 90.909091 | AU92: 0
A93: 2003 | B93: =C93-DATE(YEAR(C93),1,1)+1 -> 20 | C93: 37641 | D93: 11 | E93: =VLOOKUP(C93,'Historic Daily flows'!$A$1:$B$37941,2) -> 8.27 | G93: 5 | AB93: =0.5*(B93-B92)*G93 -> 47.5 | AD93: =AD94 -> 50 | AG93: =G93/AH93 -> 9.0909091 | AH93: =$AI$1 -> 0.55 | AJ93: =0.5*($B93-$B92)*$AG93 -> 86.363636 | AL93: =MAX($G$92:$G$99)/AH93 -> 90.909091 | AU93: =G93/AW93 -> 20 | AV93: =B93/D93 -> 1.8181818 | AW93: =VLOOKUP(AV93,$CB$102:$CC$271,2) -> 0.25 | AZ93: =0.5*(B93-B92)*AU93 -> 190 | BB93: =B93 -> 20 | BC93: =G93/AD93 -> 0.1 | BD93: 0.1 | CF93: Peak count ratio and survey day lookup function | CL93: Survey Area and spatial distribution tool
A94: 2003 | B94: =C94-DATE(YEAR(C94),1,1)+1 -> 43 | C94: 37664 | D94: 7.5 | E94: =VLOOKUP(C94,'Historic Daily flows'!$A$1:$B$37941,2) -> 4.29 | G94: 19 | AB94: =((B94-B93)*G94)-((B94-B93)*(G94-G93)*0.5) -> 276 | AD94: =AD95 -> 50 | AG94: =G94/AH94 -> 34.545455 | AH94: =$AI$1 -> 0.55 | AJ94: =((B94-B93)*AG94)-((B94-B93)*(AG94-AG93)*0.5) -> 501.81818 | AL94: =MAX($G$92:$G$99)/AH94 -> 90.909091 | AU94: =G94/AW94 -> 65.499173 | AV94: =B94/D94 -> 5.7333333 | AW94: =VLOOKUP(AV94,$CB$102:$CC$271,2) -> 0.29008 | AZ94: =((B94-B93)*AU94)-((B94-B93)*(AU94-AU93)*0.5) -> 983.24049 | BB94: =B94 -> 43 | BC94: =G94/AD94 -> 0.38 | BD94: 0.38 | BE94: 1 | BF94: =1/19 -> 0.052631579 | BG94: 15 | BH94: =15/19 -> 0.78947368 | BI94: 3 | BJ94: =3/19 -> 0.15789474
A95: 2003 | B95: =C95-DATE(YEAR(C95),1,1)+1 -> 66 | C95: 37687 | D95: 3.5 | E95: =VLOOKUP(C95,'Historic Daily flows'!$A$1:$B$37941,2) -> 2.45 | G95: 21 | AB95: =((B95-B94)*G95)-((B95-B94)*(G95-G94)*0.5) -> 460 | AD95: =AD96 -> 50 | AG95: =G95/AH95 -> 38.181818 | AH95: =$AI$1 -> 0.55 | AJ95: =((B95-B94)*AG95)-((B95-B94)*(AG95-AG94)*0.5) -> 836.36364 | AL95: =MAX($G$92:$G$99)/AH95 -> 90.909091 | AU95: =G95/AW95 -> 21.649931 | AV95: =B95/D95 -> 18.857143 | AW95: =VLOOKUP(AV95,$CB$102:$CC$271,2) -> 0.96998 | AZ95: =((B95-B94)*AU95)-((B95-B94)*(AU95-AU94)*0.5) -> 1002.2147 | BB95: =B95 -> 66 | BC95: =G95/AD95 -> 0.42 | BD95: 0.42 | BE95: 6 | BF95: =6/21 -> 0.28571429 | BG95: 13 | BH95: =13/21 -> 0.61904762 | BI95: 2 | BJ95: =2/21 -> 0.095238095 | BK95: =0/21 -> 0 | CF95: For surveys before stat day 123 | CL95: Solve for unknown survey sections | CR95: Solve for unknown survey sections
A96: 2003 | B96: =C96-DATE(YEAR(C96),1,1)+1 -> 97 | C96: 37718 | D96: 12.7 | E96: =VLOOKUP(C96,'Historic Daily flows'!$A$1:$B$37941,2) -> 23.2 | G96: 46 | AB96: =((B96-B95)*G96)-((B96-B95)*(G96-G95)*0.5) -> 1038.5 | AD96: =AD97 -> 50 | AG96: =G96/AH96 -> 83.636364 | AH96: =$AI$1 -> 0.55 | AJ96: =((B96-B95)*AG96)-((B96-B95)*(AG96-AG95)*0.5) -> 1888.1818 | AL96: =MAX($G$92:$G$99)/AH96 -> 90.909091 | AU96: =G96/AW96 -> 116.55012 | AV96: =B96/D96 -> 7.6377953 | AW96: =VLOOKUP(AV96,$CB$102:$CC$271,2) -> 0.39468 | AZ96: =((B96-B95)*AU96)-((B96-B95)*(AU96-AU95)*0.5) -> 2142.1007 | BB96: =B96 -> 97 | BC96: =G96/AD96 -> 0.92 | BD96: 0.92 | BE96: 10 | BF96: =10/46 -> 0.2173913 | BG96: 16 | BH96: =16/46 -> 0.34782609 | BI96: 20 | BJ96: =20/46 -> 0.43478261 | BK96: =0/46 -> 0 | CF96: Linear function
A97: 2003 | B97: =C97-DATE(YEAR(C97),1,1)+1 -> 113 | C97: 37734 | D97: 10.5 | E97: =VLOOKUP(C97,'Historic Daily flows'!$A$1:$B$37941,2) -> 8.04 | G97: 50 | AB97: =((B97-B96)*G97)-((B97-B96)*(G97-G96)*0.5) -> 768 | AD97: =AD98 -> 50 | AG97: =G97/AH97 -> 90.909091 | AH97: =$AI$1 -> 0.55 | AJ97: =((B97-B96)*AG97)-((B97-B96)*(AG97-AG96)*0.5) -> 1396.3636 | AL97: =MAX($G$92:$G$99)/AH97 -> 90.909091 | AU97: =G97/AW97 -> 90.648682 | AV97: =B97/D97 -> 10.761905 | AW97: =VLOOKUP(AV97,$CB$102:$CC$271,2) -> 0.55158 | AZ97: =((B97-B96)*AU97)-((B97-B96)*(AU97-AU96)*0.5) -> 1657.5904 | BB97: =B97 -> 113 | BC97: =G97/AD97 -> 1 | BD97: 1 | BE97: 14 | BF97: =14/46 -> 0.30434783 | BG97: 13 | BH97: =13/46 -> 0.2826087 | BI97: 19 | BJ97: =19/36 -> 0.52777778 | BK97: =4 -> 4 | CL97: 1 | CM97: 2 | CN97: 3 | CO97: 4 | CP97: 5 | CR97: 1 | CS97: 2 | CT97: 3 | CU97: 4 | CV97: 5
A98: 2003 | B98: =C98-DATE(YEAR(C98),1,1)+1 -> 134 | C98: 37755 | D98: 6.1 | E98: =VLOOKUP(C98,'Historic Daily flows'!$A$1:$B$37941,2) -> 5.99 | G98: 20 | AB98: =((B98-B97)*G98)-((B98-B97)*(G98-G97)*0.5) -> 735 | AD98: =AD99 -> 50 | AG98: =G98/AH98 -> 36.363636 | AH98: =$AI$1 -> 0.55 | AJ98: =((B98-B97)*AG98)-((B98-B97)*(AG98-AG97)*0.5) -> 1336.3636 | AL98: =MAX($G$92:$G$99)/AH98 -> 90.909091 | AU98: =G98/AW98 -> 20 | AV98: =B98/D98 -> 21.967213 | AW98: =VLOOKUP(AV98,$CB$102:$CC$271,2) -> 1 | AZ98: =((B98-B97)*AU98)-((B98-B97)*(AU98-AU97)*0.5) -> 1161.8112 | BB98: =B98 -> 134 | BC98: =G98/AD98 -> 0.4 | BF98: =12/20 -> 0.6 | BG98: 0 | BH98: =0/20 -> 0 | BI98: 8 | BJ98: =8/20 -> 0.4 | BK98: =0/20 -> 0 | CL98: Fraction of fish in each section (from regression) | CR98: Fraction of fish in each section (from all survey average)
A99: 2003 | B99: =C99-DATE(YEAR(C99),1,1)+1 -> 151 | C99: 37772 | E99: =VLOOKUP(C99,'Historic Daily flows'!$A$1:$B$37941,2) -> 5.24 | G99: 0 | AB99: =0.5*(B99-B98)*G98 -> 170 | AC99: =AF99/$AF$1 -> 69.9 | AD99: =MAX(G92:G99) -> 50 | AE99: =AC99/AD99 -> 1.398 | AF99: =SUM(AB93:AB99) -> 3495 | AG99: =G99/AH99 -> 0 | AH99: =$AI$1 -> 0.55 | AJ99: =0.5*(B99-B98)*AG98 -> 309.09091 | AK99: =AN99/$AF$1 -> 127.09091 | AL99: =MAX($G$92:$G$99)/AH99 -> 90.909091 | AM99: =AK99/AL99 -> 1.398 | AN99: =SUM(AJ93:AJ99) -> 6354.5455 | AO99: 158 | AP99: 3.14 | AQ99: =AO99 -> 158 | AR99: 158 | AS99: 3.16 | AT99: =AL99*$AS$177 -> 0 | AU99: 0 | AX99: =BA99/$BA$1 -> 146.13915 | AY99: =AX99/AD99 -> 2.922783 | AZ99: =0.5*(B99-B98)*AU98 -> 170 | BA99: =SUM(AZ93:AZ99) -> 7306.9575 | CH99: Percent of run | CL99: Section 1 | CM99: Section 2 | CN99: Section 3 | CO99: Section 1 and 2 | CP99: Section 2 and 3 | CR99: Section 1 | CS99: Section 2 | CT99: Section 3 | CU99: Section 1 and 2 | CV99: Section 2 and 3
A100: 2004 | B100: =C100-DATE(YEAR(C100),1,1)+1 -> 1 | C100: 37987 | E100: =VLOOKUP(C100,'Historic Daily flows'!$A$1:$B$37941,2) -> 9.03 | G100: 0 | AD100: =AD101 -> 45 | AG100: =G100/AH100 -> 0 | AH100: =$AI$1 -> 0.55 | AL100: =MAX($G$100:$G$107)/AH100 -> 81.818182 | AU100: 0 | CG100: Day of run | CJ100: Day of run | CL100: Lower | CM100: Middle | CN100: Upper | CO100: Lower and Middle | CP100: Upper and Middle | CR100: Lower | CS100: Middle | CT100: Upper | CU100: Lower and Middle | CV100: Upper and Middle
A101: 2004 | B101: =C101-DATE(YEAR(C101),1,1)+1 -> 36 | C101: 38022 | D101: 11 | E101: =VLOOKUP(C101,'Historic Daily flows'!$A$1:$B$37941,2) -> 12.1 | G101: 6 | AB101: =0.5*(B101-B100)*G101 -> 105 | AD101: =AD102 -> 45 | AG101: =G101/AH101 -> 10.909091 | AH101: =$AI$1 -> 0.55 | AJ101: =0.5*($B101-$B100)*$AG101 -> 190.90909 | AL101: =MAX($G$100:$G$107)/AH101 -> 81.818182 | AU101: =G101/AW101 -> 24 | AV101: =B101/D101 -> 3.2727273 | AW101: =VLOOKUP(AV101,$CB$102:$CC$271,2) -> 0.25 | AZ101: =0.5*(B101-B100)*AU101 -> 420 | BB101: =B101 -> 36 | BC101: =G101/AD101 -> 0.13333333 | BD101: 0.13333333 | BE101: 2 | BF101: =2/5 -> 0.4 | BG101: 3 | BH101: =3/6 -> 0.5 | BI101: 1 | BJ101: =1/6 -> 0.16666667 | CB101: Survey Day /Q | CC101: OE | CG101: 1 | CH101: =CG101*0.009 -> 0.009 | CJ101: 1 | CL101: =((0.003)*CJ101) -> 0.003 | CM101: =((-0.0039)*CJ101)+0.8478 -> 0.8439 | CN101: =(0.0002*CJ101)+0.1914 -> 0.1916 | CO101: =CL101+CM101 -> 0.8469 | CP101: =CM101+CN101 -> 1.0355 | CR101: 0.21 | CS101: 0.5 | CT101: 0.28 | CU101: =CR101+CS101 -> 0.71 | CV101: =CS101+CT101 -> 0.78
...

Sheet Historic Daily flows
A1: ﻿Daily Discharge (PARAM = 1) and Daily Water Level (PARAM = 2) Data | G1: 08HB002
A2: Date | B2: Value | C2: SYM
A3: 4795 | B3: 10.3
A4: 4796
A5: 4797 | B5: 75.3
A6: 4798 | B6: 43
A7: 4799 | B7: 26.5
A8: 4800 | B8: 19.3
A9: 4801 | B9: 14.2
A10: 4802 | B10: 10.3
A11: 4803 | B11: 9.63
A12: 4804 | B12: 8.21
A13: 4805 | B13: 9.63
A14: 4806 | B14: 8.21
A15: 4807
A16: 4808
A17: 4809 | B17: 5.78
A18: 4810 | B18: 5.52
A19: 4811 | B19: 5.27
A20: 4812 | B20: 5.18
A21: 4813 | B21: 5.55
A22: 4814 | B22: 5.95
A23: 4815 | B23: 7.93
A24: 4816 | B24: 9.63
A25: 4817 | B25: 9.63
A26: 4818 | B26: 9.63
A27: 4819 | B27: 10.3
A28: 4820 | B28: 14.2
... A66: 4858 | B66: 7.08
A67: 4859
A68: 4860
A69: 4861
A70: 4862
A71: 4863
A72: 4864
A73: 4865
A74: 4866
A75: 4867
A76: 4868
A77: 4869
A78: 4870
A79: 4871
A80: 4872 | B80: 5.52
A81: 4873 | B81: 5.52
A82: 4874 | B82: 5.95
A83: 4875 | B83: 6.51
A84: 4876 | B84: 5.95
A85: 4877 | B85: 6.51
A86: 4878 | B86: 11.2
A87: 4879 | B87: 15.9
A88: 4880 | B88: 15.9
A89: 4881 | B89: 22.7
A90: 4882 | B90: 19.4
A91: 4883 | B91: 15
... A207: 4999 | B207: 5.66
A208: 5000
A209: 5001
A210: 5002
A211: 5003
A212: 5004
A213: 5005
A214: 5006
A215: 5007
A216: 5008
A217: 5009
A218: 5010
A219: 5011
A220: 5012
A221: 5013 | B221: 1.27
A222: 5014 | B222: 1.08
A223: 5015 | B223: 1.08
A224: 5016 | B224: 1.27
A225: 5017 | B225: 1.27
A226: 5018 | B226: 1.56
A227: 5019 | B227: 1.56
A228: 5020 | B228: 1.84
A229: 5021 | B229: 1.84
A230: 5022 | B230: 1.84
A231: 5023 | B231: 2.21
A232: 5024 | B232: 2.21
... A267: 5059 | B267: 18.1
A268: 5060
A269: 5061
A270: 5062
A271: 5063
A272: 5064
A273: 5065
A274: 5066
A275: 5067
A276: 5068
A277: 5069
A278: 5070
A279: 5071
... A460: 5252
A461: 5253 | B461: 8.21
A462: 5254 | B462: 9.63
A463: 5255 | B463: 11
A464: 5256 | B464: 12.5
A465: 5257 | B465: 12.5
A466: 5258 | B466: 14.2
...

Sheet Peak Historic
A1: Peak Density/Year, All Surveys
A2: May include results from short sections, counts with hatchery fish, and years when peak timing not surveyed.
A4: Year | B4: Peak Density | C4: Date | D4: Section
A5: 1982 | B5: 13.04 | C5: 30063 | D5: Falls - Allsbrook
A6: 1983 | B6: 19.71 | C6: 30419 | D6: Falls - Allsbrook
A7: 1984 | B7: 20.92 | C7: 30774 | D7: Falls - Hootons
A8: 1985 | B8: 31.4 | C8: 31124 | D8: Falls - Mouth
A9: 1986 | B9: 8.6 | C9: 31452 | D9: SF - Hootons, plus Hwy spot check
A10: 1987 | B10: 43.39 | C10: 31863 | D10: Claybanks to Allsbrook
A11: 1988 | B11: 36.55 | C11: 32197 | D11: Morrison-Allsbrook
A12: 1989 | B12: 9.3 | C12: 32548 | D12: SF Conf-Bypss brgd
A13: 1990 | B13: 11.96 | C13: 32923 | D13: SF Conf-S Pool (Allsbrook)
A14: 1991 | B14: 5.1 | C14: 33323 | D14: Morrison-Big Tent
A15: 1992 | B15: 17.88 | C15: 33705 | D15: Morrison-Big Tent
A16: 1993 | B16: 8.8 | C16: 34025 | D16: Morrison-Big Tent
... A19: 1996 | B19: 3.65 | C19: 35152 | D19: Morrison-Big Tent
A20: 1997 | B20: 2.5 | C20: ? | D20: ?
A21: 1998 | B21: 3.77 | C21: 35913 | D21: Morrison-Big Tent
A22: 1999 | B22: 9.31 | C22: 36258 | D22: Eman R Rd to Allsbrook
A23: 2000 | B23: 1.8 | C23: 36628 | D23: Morrison-Big Tent
A24: 2001 | B24: 8.03 | C24: 36963 | D24: Morrison-Big Tent
A25: 2002 | B25: 4.54 | C25: 37372 | D25: Falls-Mouth
A26: 2003 | B26: 3.1 | C26: 37734 | D26: Falls-Mouth
A27: 2004 | B27: 3.6 | C27: 38091 | D27: Falls-Mouth
A28: 2005 | B28: 4.5 | C28: 38457 | D28: Falls-Mouth
A29: 2006 | B29: =62/15 -> 4.1333333 | C29: 38820 | D29: Falls-Mouth
A30: 2007 | B30: =60/15 -> 4 | C30: 39192 | D30: Falls-Mouth
A31: 2008 | B31: =18/15 -> 1.2 | C31: 39515 | D31: Falls-Mouth
A32: 2009 | B32: =38/15 -> 2.5333333 | C32: 39930 | D32: Falls-Mouth
A33: 2010 | B33: 3.6 | C33: 40283 | D33: Falls-Mouth
A34: 2011 | B34: =103/15 -> 6.8666667
A35: 2012 | B35: =42/15 -> 2.8
A36: 2013 | B36: =93/15 -> 6.2
A37: 2014 | B37: 4.5
A38: 2015 | B38: =109/15 -> 7.2666667

Sheet raw 2002-2016 Comparison
A1: 2002 | E1: 2003 | I1: 2004 | M1: 2005 | Q1: 2006 | U1: 2007 | Y1: 2008 | AC1: 2009 | AG1: 2010 | AK1: 2011 | AO1: 2012 | AS1: 2013 | AW1: 2014 | BA1: 2015 | BE1: 2016
A2: Days # | B2: Date | C2: # of fish | E2: Days # | F2: Date | G2: # of fish | I2: Days | J2: Date | K2: # fish | M2: Days | N2: Date | O2: # of Fish | Q2: Days | R2: Date | S2: # of Fish | U2: Days | V2: Date | W2: # of Fish | Y2: Days | Z2: Date | AA2: # of Fish | AC2: Days | AD2: Date | AE2: # of Fish | AG2: Days | AH2: Date | AI2: # of Fish | AK2: Days | AL2: Date | AM2: # of Fish | AO2: Days | AP2: Date | AQ2: #Fish | AS2: Days | AT2: Date | AU2: #Fish | AW2: Days | AX2: Date | AY2: #Fish | BA2: Days | BB2: Date | BC2: #Fish | BE2: Days | BF2: Date | BG2: #Fish
A3: 0 | B3: 37987 | C3: 0 | E3: 0 | F3: 37987 | G3: 0 | I3: 0 | J3: 37987 | K3: 0 | M3: 0 | N3: 38353 | O3: 0 | Q3: 0 | R3: 38353 | S3: 0 | U3: 0 | V3: 39083 | W3: 0 | Y3: 0 | Z3: 39083 | AA3: 0 | AC3: 0 | AD3: 39814 | AE3: 0 | AG3: 0 | AH3: 40179 | AI3: 0 | AK3: 0 | AL3: 40179 | AM3: 0 | AO3: 0 | AP3: 40179 | AQ3: 0 | AS3: 0 | AT3: 41275 | AU3: 0 | AW3: 0 | AX3: 41275 | AY3: 0 | BA3: 0 | BB3: 41275 | BC3: 0 | BE3: 0 | BF3: 42370 | BG3: 0
A4: 17 | B4: 38004 | C4: 17 | D4: =0.5*(A4-A3)*C4 -> 144.5 | E4: 20 | F4: 38006 | G4: 5 | H4: =0.5*(E4-E3)*G4 -> 50 | I4: 35 | J4: 4,5 Feb | K4: 6 | L4: =0.5*(I4-I3)*K4 -> 105 | M4: 41 | N4: 38394 | O4: 9 | P4: =0.5*(M4-M3)*O4 -> 184.5 | Q4: 45 | R4: 38763 | S4: 32 | T4: =0.5*(Q4-Q3)*S4 -> 720 | U4: =31+22 -> 53 | V4: 39136 | W4: 18 | X4: =0.5*(U4-U3)*W4 -> 477 | Y4: 66 | Z4: 39515 | AA4: 18 | AB4: =0.5*(Y4-Y3)*AA4 -> 594 | AC4: 84 | AD4: 39898 | AE4: 24 | AF4: =0.5*(AC4-AC3)*AE4 -> 1008 | AG4: 68 | AH4: 40247 | AI4: 42 | AJ4: =0.5*(AG4-AG3)*AI4 -> 1428 | AK4: 86 | AL4: 40630 | AM4: 68 | AN4: =0.5*(AK4-AK3)*AM4 -> 2924 | AO4: 82 | AP4: 40991 | AQ4: 33 | AR4: =0.5*(AO4-AO3)*AQ4 -> 1353 | AS4: 85 | AT4: 41359 | AU4: 84 | AV4: =0.5*(AS4-AS3)*AU4 -> 3570 | AW4: 84 | AX4: 41723 | AY4: 32 | AZ4: =0.5*(AW4-AW3)*AY4 -> 1344 | BA4: 86 | BB4: 201-03-27 | BC4: 109 | BD4: =0.5*(BA4-BA3)*BC4 -> 4687 | BE4: 90 | BF4: 42456 | BG4: 81 | BH4: =0.5*(BE4-BE3)*BG4 -> 3645
A5: 43 | B5: 38030 | C5: 16 | D5: =((A5-A4)*C5)-((A5-A4)*(C5-C4)*0.5) -> 429 | E5: 42 | F5: 38029 | G5: 19 | H5: =((E5-E4)*G5)-((E5-E4)*(G5-G4)*0.5) -> 264 | I5: 61 | J5: 1,2 Mar | K5: 21 | L5: =((I5-I4)*K5)-((I5-I4)*(K5-K4)*0.5) -> 351 | M5: 66 | N5: 38419 | O5: 32 | P5: =((M5-M4)*O5)-((M5-M4)*(O5-O4)*0.5) -> 512.5 | Q5: 79 | R5: 38797 | S5: 59 | T5: =((Q5-Q4)*S5)-((Q5-Q4)*(S5-S4)*0.5) -> 1547 | U5: 87 | V5: 39170 | W5: 50 | X5: =((U5-U4)*W5)-((U5-U4)*(W5-W4)*0.5) -> 1156 | Y5: 108 | Z5: 39555 | AA5: 17 | AB5: =((Y5-Y4)*AA5)-((Y5-Y4)*(AA5-AA4)*0.5) -> 735 | AC5: 116 | AD5: 39930 | AE5: 38 | AF5: =((AC5-AC4)*AE5)-((AC5-AC4)*(AE5-AE4)*0.5) -> 992 | AG5: 110 | AH5: 40283 | AI5: 54 | AJ5: =((AG5-AG4)*AI5)-((AG5-AG4)*(AI5-AI4)*0.5) -> 2016 | AK5: 110 | AL5: 40652 | AM5: 103 | AN5: =((AK5-AK4)*AM5)-((AK5-AK4)*(AM5-AM4)*0.5) -> 2052 | AO5: 115 | AP5: 41024 | AQ5: 38 | AR5: =((AO5-AO4)*AQ5)-((AO5-AO4)*(AQ5-AQ4)*0.5) -> 1171.5 | AS5: 86 | AT5: 41360 | AU5: 87 | AV5: =((AS5-AS4)*AU5)-((AS5-AS4)*(AU5-AU4)*0.5) -> 85.5 | AW5: 101 | AX5: 41740 | AY5: 68 | AZ5: =((AW5-AW4)*AY5)-((AW5-AW4)*(AY5-AY4)*0.5) -> 850 | BA5: 98 | BB5: 42102 | BC5: 106 | BD5: =((BA5-BA4)*BC5)-((BA5-BA4)*(BC5-BC4)*0.5) -> 1290 | BE5: 98 | BF5: 42102 | BG5: 94 | BH5: =((BE5-BE4)*BG5)-((BE5-BE4)*(BG5-BG4)*0.5) -> 700
A6: 67 | B6: 38055 | C6: 46 | D6: =((A6-A5)*C6)-((A6-A5)*(C6-C5)*0.5) -> 744 | E6: 65 | F6: 38053 | G6: 21 | H6: =((E6-E5)*G6)-((E6-E5)*(G6-G5)*0.5) -> 460 | I6: 82 | J6: 22,23 Mar | K6: 24 | L6: =((I6-I5)*K6)-((I6-I5)*(K6-K5)*0.5) -> 472.5 | M6: 104 | N6: 38457 | O6: 61 | P6: =((M6-M5)*O6)-((M6-M5)*(O6-O5)*0.5) -> 1767 | Q6: 102 | R6: 38820 | S6: 62 | T6: =((Q6-Q5)*S6)-((Q6-Q5)*(S6-S5)*0.5) -> 1391.5 | U6: 109 | V6: 39192 | W6: 60 | X6: =((U6-U5)*W6)-((U6-U5)*(W6-W5)*0.5) -> 1210 | Y6: 151 | Z6: 39233 | AA6: 0 | AB6: =0.5*(Y6-Y5)*AA5 -> 365.5 | AC6: 151 | AD6: 39233 | AE6: 0 | AF6: =0.5*(AC6-AC5)*AE5 -> 665 | AG6: 151 | AH6: 40329 | AI6: 0 | AJ6: =0.5*(AG6-AG5)*AI5 -> 1107 | AK6: 151 | AL6: 40694 | AM6: 0 | AN6: =0.5*(AK6-AK5)*AM5 -> 2111.5 | AO6: 127 | AP6: 41036 | AQ6: 42 | AR6: =0.5*(AO6-AO5)*AQ5 -> 228 | AS6: 107 | AT6: 41381 | AU6: 89 | AV6: =((AS6-AS5)*AU6)-((AS6-AS5)*(AU6-AU5)*0.5) -> 1848 | AW6: 114 | AX6: 41753 | AY6: 62 | AZ6: =((AW6-AW5)*AY6)-((AW6-AW5)*(AY6-AY5)*0.5) -> 845 | BA6: 117 | BB6: 42121 | BC6: 81 | BD6: =((BA6-BA5)*BC6)-((BA6-BA5)*(BC6-BC5)*0.5) -> 1776.5 | BE6: 111 | BF6: 42121 | BG6: 96 | BH6: =((BE6-BE5)*BG6)-((BE6-BE5)*(BG6-BG5)*0.5) -> 1235
A7: 80 | B7: 38068 | C7: 50 | D7: =((A7-A6)*C7)-((A7-A6)*(C7-C6)*0.5) -> 624 | E7: 96 | F7: 38084 | G7: 46 | H7: =((E7-E6)*G7)-((E7-E6)*(G7-G6)*0.5) -> 1038.5 | I7: 104 | J7: 13,14 Apr | K7: 45 | L7: =((I7-I6)*K7)-((I7-I6)*(K7-K6)*0.5) -> 759 | M7: 118 | N7: 38471 | O7: 47 | P7: =((M7-M6)*O7)-((M7-M6)*(O7-O6)*0.5) -> 756 | Q7: 125 | R7: 38842 | S7: 62 | T7: =((Q7-Q6)*S7)-((Q7-Q6)*(S7-S6)*0.5) -> 1426 | U7: 151 | V7: 39233 | W7: 0 | X7: =0.5*(U7-U6)*W6 -> 1260 | AK7: 206 | AO7: 151 | AP7: 41060 | AQ7: 0 | AS7: 115 | AT7: 41389 | AU7: 89 | AV7: =((AS7-AS6)*AU7)-((AS7-AS6)*(AU7-AU6)*0.5) -> 712 | AW7: 151 | AX7: 41790 | AY7: 0 | AZ7: =((AW7-AW6)*AY7)-((AW7-AW6)*(AY7-AY6)*0.5) -> 1147 | BA7: 151 | BB7: 41790 | BC7: 0 | BD7: =((BA7-BA6)*BC7)-((BA7-BA6)*(BC7-BC6)*0.5) -> 1377 | BE7: 151 | BF7: 41790 | BG7: 0 | BH7: =((BE7-BE6)*BG7)-((BE7-BE6)*(BG7-BG6)*0.5) -> 1920
A8: 115 | B8: 38103 | C8: 73 | D8: =((A8-A7)*C8)-((A8-A7)*(C8-C7)*0.5) -> 2152.5 | E8: 112 | F8: 38100 | G8: 50 | H8: =((E8-E7)*G8)-((E8-E7)*(G8-G7)*0.5) -> 768 | I8: 119 | J8: 28,29 Apr | K8: 41 | L8: =((I8-I7)*K8)-((I8-I7)*(K8-K7)*0.5) -> 645 | M8: 151 | N8: 38868 | O8: 0 | P8: =0.5*(M8-M7)*O7 -> 775.5 | Q8: 151 | R8: 38868 | S8: 0 | T8: =0.5*(Q8-Q7)*S7 -> 806 | AS8: 123 | AT8: 41397 | AU8: 89 | AV8: =0.5*(AS9-AS8)*AU8 -> 1246
A9: 133 | B9: 38121 | C9: 29 | D9: =((A9-A8)*C9)-((A9-A8)*(C9-C8)*0.5) -> 918 | E9: 133 | F9: 38121 | G9: 20 | H9: =((E9-E8)*G9)-((E9-E8)*(G9-G8)*0.5) -> 735 | I9: 134 | J9: 13,14 May | K9: 26 | L9: =((I9-I8)*K9)-((I9-I8)*(K9-K8)*0.5) -> 502.5 | P9: =SUM(P2:P8) -> 3995.5 | T9: =SUM(T2:T8) -> 5890.5 | X9: =SUM(X2:X8) -> 4103 | AB9: =SUM(AB2:AB8) -> 1694.5 | AF9: =SUM(AF2:AF8) -> 2665 | AJ9: =SUM(AJ4:AJ6) -> 4551 | AN9: =SUM(AN4:AN6) -> 7087.5 | AS9: 151 | AT9: 41425 | AU9: 0
A10: 150 | B10: 38168 | C10: 0 | D10: =0.5*(A10-A9)*C9 -> 246.5 | E10: 150 | F10: 38138 | G10: 0 | H10: =0.5*(E10-E9)*G9 -> 170 | I10: 151 | J10: 38138 | K10: 0 | L10: =0.5*(I10-I9)*K9 -> 221
D11: =SUM(D4:D10) -> 5258.5 | H11: =SUM(H4:H10) -> 3485.5 | L11: =SUM(L4:L10) -> 3056 | AR11: =SUM(AR4:AR6) -> 2752.5 | AV11: =SUM(AV4:AV8) -> 7461.5 | AZ11: =SUM(AZ4:AZ7) -> 4186 | BD11: =SUM(BD4:BD7) -> 9130.5 | BH11: =SUM(BH4:BH7) -> 7500
J13: 73 | K13: 6 | L13: =J13-K13 -> 67 | M13: =L13/15 -> 4.4666667
J14: 50 | K14: 4 | L14: =J14-K14 -> 46 | M14: =L14/15 -> 3.0666667
J15: 41 | K15: 1 | L15: =J15-K15 -> 40 | M15: =L15/15 -> 2.6666667
J16: 61 | K16: 2 | L16: =J16-K16 -> 59 | M16: =L16/15 -> 3.9333333 | R16: 38055 | S16: 46
B17: =AVERAGE(C8,G8,K7,O6,S6,W6,AA4) -> 52.714286 | J17: 62 | L17: =J17-K17 -> 62 | M17: =L17/15 -> 4.1333333 | R17: 38068 | S17: 50
J18: 60 | L18: =J18-K18 -> 60 | M18: =L18/15 -> 4 | R18: 38103 | S18: 73
R19: 38121 | S19: 29
D26: Population based on | H26: Peak / population ratio | L26: Peak / population ratio | N26: Residence time @ | P26: Peak / population ratio | R26: Residence time @
D27: Residence time @ | H27: Residence time @ | L27: 0.7 | M27: survey efficiency | P27: 0.6 | Q27: survey efficiency
B28: AUC | C28: Peak Count | D28: 40 | E28: 50 | F28: 60 | G28: 70 | H28: 40 | I28: 50 | J28: 60 | K28: 70 | L28: 40 | M28: 50 | N28: 60 | O28: 70 | P28: 40 | Q28: 50 | R28: 60 | S28: 70
A29: 2002 | B29: =D11 -> 5258.5 | C29: 73 | D29: =$B$29/D28 -> 131.4625 | E29: =$B$29/E28 -> 105.17 | F29: =$B$29/F28 -> 87.641667 | G29: =$B$29/G28 -> 75.121429 | H29: =D29/$C29 -> 1.8008562 | I29: =E29/$C29 -> 1.4406849 | J29: =F29/$C29 -> 1.2005708 | K29: =G29/$C29 -> 1.0290607 | L29: =(($B29/$L$27)/$L$28)/C29 -> 2.5726517 | M29: =(($B29/$L$27)/$M$28)/C29 -> 2.0581213 | N29: =(($B29/$L$27)/$N$28)/C29 -> 1.7151011 | O29: =(($B29/$L$27)/$O$28)/C29 -> 1.4700867 | P29: =(($B29/$P$27)/$P$28)/C29 -> 3.0014269 | Q29: =(($B29/$P$27)/$Q$28)/C29 -> 2.4011416 | R29: =(($B29/$P$27)/$R$28)/C29 -> 2.0009513 | S29: =(($B29/$P$27)/$S$28)/C29 -> 1.7151011 | AK29: =AJ33*AI33 -> 100
A30: 2003 | B30: =H11 -> 3485.5 | C30: 50 | D30: =$B$30/D28 -> 87.1375 | E30: =$B$30/E28 -> 69.71 | F30: =$B$30/F28 -> 58.091667 | G30: =$B$30/G28 -> 49.792857 | H30: =D30/$C30 -> 1.74275 | I30: =E30/$C30 -> 1.3942 | J30: =F30/$C30 -> 1.1618333 | K30: =G30/$C30 -> 0.99585714 | L30: =(($B30/$L$27)/$L$28)/C30 -> 2.4896429 | M30: =(($B30/$L$27)/$M$28)/C30 -> 1.9917143 | N30: =(($B30/$L$27)/$N$28)/C30 -> 1.6597619 | O30: =(($B30/$L$27)/$O$28)/C30 -> 1.4226531 | P30: =(($B30/$P$27)/$P$28)/C30 -> 2.9045833 | Q30: =(($B30/$P$27)/$Q$28)/C30 -> 2.3236667 | R30: =(($B30/$L$27)/$N$28)/G30 -> 1.6666667 | S30: =(($B30/$P$27)/$S$28)/C30 -> 1.6597619
A31: 2004 | B31: =L11 -> 3056 | C31: 45 | D31: =$B$31/D28 -> 76.4 | E31: =$B$31/E28 -> 61.12 | F31: =$B$31/F28 -> 50.933333 | G31: =$B$31/G28 -> 43.657143 | H31: =D31/$C31 -> 1.6977778 | I31: =E31/$C31 -> 1.3582222 | J31: =F31/$C31 -> 1.1318519 | K31: =G31/$C31 -> 0.97015873 | L31: =(($B31/$L$27)/$L$28)/C31 -> 2.4253968 | M31: =(($B31/$L$27)/$M$28)/C31 -> 1.9403175 | N31: =(($B31/$L$27)/$N$28)/C31 -> 1.6169312 | O31: =(($B31/$L$27)/$O$28)/C31 -> 1.385941 | P31: =(($B31/$P$27)/$P$28)/C31 -> 2.8296296 | Q31: =(($B31/$P$27)/$Q$28)/C31 -> 2.2637037 | R31: =(($B31/$L$27)/$N$28)/G31 -> 1.6666667 | S31: =(($B31/$P$27)/$S$28)/C31 -> 1.6169312
A32: 2005 | B32: =P9 -> 3995.5 | C32: 61 | D32: =$B$32/D28 -> 99.8875 | E32: =$B$32/E28 -> 79.91 | F32: =$B$32/F28 -> 66.591667 | G32: =$B$32/G28 -> 57.078571 | H32: =D32/$C32 -> 1.6375 | I32: =E32/$C32 -> 1.31 | J32: =F32/$C32 -> 1.0916667 | K32: =G32/$C32 -> 0.93571429 | L32: =(($B32/$L$27)/$L$28)/C32 -> 2.3392857 | M32: =(($B32/$L$27)/$M$28)/C32 -> 1.8714286 | N32: =(($B32/$L$27)/$N$28)/C32 -> 1.5595238 | O32: =(($B32/$L$27)/$O$28)/C32 -> 1.3367347 | P32: =(($B32/$P$27)/$P$28)/C32 -> 2.7291667 | Q32: =(($B32/$P$27)/$Q$28)/C32 -> 2.1833333 | R32: =(($B32/$L$27)/$N$28)/G32 -> 1.6666667 | S32: =(($B32/$P$27)/$S$28)/C32 -> 1.5595238
A33: 2006 | B33: =T9 -> 5890.5 | C33: 62 | D33: =$B$33/D28 -> 147.2625 | E33: =$B$33/E28 -> 117.81 | F33: =$B$33/F28 -> 98.175 | G33: =$B$33/G28 -> 84.15 | H33: =D33/$C33 -> 2.3752016 | I33: =E33/$C33 -> 1.9001613 | J33: =F33/$C33 -> 1.5834677 | K33: =G33/$C33 -> 1.3572581 | L33: =(($B33/$L$27)/$L$28)/C33 -> 3.3931452 | M33: =(($B33/$L$27)/$M$28)/C33 -> 2.7145161 | N33: =(($B33/$L$27)/$N$28)/C33 -> 2.2620968 | O33: =(($B33/$L$27)/$O$28)/C33 -> 1.9389401 | P33: =(($B33/$P$27)/$P$28)/C33 -> 3.9586694 | Q33: =(($B33/$P$27)/$Q$28)/C33 -> 3.1669355 | R33: =(($B33/$L$27)/$N$28)/G33 -> 1.6666667 | S33: =(($B33/$P$27)/$S$28)/C33 -> 2.2620968 | AG33: 108 | AH33: 100 | AI33: 0.7 | AJ33: =AH33/AI33 -> 142.85714
A34: 2007 | B34: =X9 -> 4103 | C34: 60 | D34: =$B$34/D28 -> 102.575 | E34: =$B$34/E28 -> 82.06 | F34: =$B$34/F28 -> 68.383333 | G34: =$B$34/G28 -> 58.614286 | H34: =D34/$C34 -> 1.7095833 | I34: =E34/$C34 -> 1.3676667 | J34: =F34/$C34 -> 1.1397222 | K34: =G34/$C34 -> 0.97690476 | L34: =(($B34/$L$27)/$L$28)/C34 -> 2.4422619 | M34: =(($B34/$L$27)/$M$28)/C34 -> 1.9538095 | N34: =(($B34/$L$27)/$N$28)/C34 -> 1.6281746 | O34: =(($B34/$L$27)/$O$28)/C34 -> 1.3955782 | P34: =(($B34/$P$27)/$P$28)/C34 -> 2.8493056 | Q34: =(($B34/$P$27)/$Q$28)/C34 -> 2.2794444 | R34: =(($B34/$L$27)/$N$28)/G34 -> 1.6666667 | S34: =(($B34/$P$27)/$S$28)/C34 -> 1.6281746 | AE34: efficiency
A35: 2008 | B35: =AB9 -> 1694.5 | C35: 18 | D35: =$B$35/D28 -> 42.3625 | E35: =$B$35/E28 -> 33.89 | F35: =$B$35/F28 -> 28.241667 | G35: =$B$35/G28 -> 24.207143 | H35: =D35/$C35 -> 2.3534722 | I35: =E35/$C35 -> 1.8827778 | J35: =F35/$C35 -> 1.5689815 | K35: =G35/$C35 -> 1.3448413 | L35: =(($B35/$L$27)/$L$28)/C35 -> 3.3621032 | M35: =(($B35/$L$27)/$M$28)/C35 -> 2.6896825 | N35: =(($B35/$L$27)/$N$28)/C35 -> 2.2414021 | O35: =(($B35/$L$27)/$O$28)/C35 -> 1.9212018 | P35: =(($B35/$P$27)/$P$28)/C35 -> 3.9224537 | Q35: =(($B35/$P$27)/$Q$28)/C35 -> 3.137963 | R35: =(($B35/$L$27)/$N$28)/G35 -> 1.6666667 | S35: =(($B35/$P$27)/$S$28)/C35 -> 2.2414021 | AC35: 4551 | AE35: 0.75
A36: 2009 | B36: =AF9 -> 2665 | C36: 38 | D36: =$B$36/D28 -> 66.625 | E36: =$B$36/E28 -> 53.3 | F36: =$B$36/F28 -> 44.416667 | G36: =$B$36/G28 -> 38.071429 | H36: =D36/$C36 -> 1.7532895 | I36: =E36/$C36 -> 1.4026316 | J36: =F36/$C36 -> 1.1688596 | K36: =G36/$C36 -> 1.0018797 | L36: =(($B36/$L$27)/$L$28)/C36 -> 2.5046992 | M36: =(($B36/$L$27)/$M$28)/C36 -> 2.0037594 | N36: =(($B36/$L$27)/$N$28)/C36 -> 1.6697995 | O36: =(($B36/$L$27)/$O$28)/C36 -> 1.4312567 | P36: =(($B36/$P$27)/$P$28)/C36 -> 2.9221491 | Q36: =(($B36/$P$27)/$Q$28)/C36 -> 2.3377193 | R36: =(($B36/$L$27)/$N$28)/G36 -> 1.6666667 | S36: =(($B36/$P$27)/$S$28)/C36 -> 1.6697995 | AC36: 40 | AD36: =$AC$35/AC36 -> 113.775 | AE36: =AD36/$AE$35 -> 151.7
A37: 2010 | B37: =AJ9 -> 4551 | C37: 54 | D37: =$B$37/D28 -> 113.775 | E37: =$B$37/E28 -> 91.02 | F37: =$B$37/F28 -> 75.85 | G37: =$B$37/G28 -> 65.014286 | H37: =D37/$C37 -> 2.1069444 | I37: =E37/$C37 -> 1.6855556 | J37: =F37/$C37 -> 1.4046296 | K37: =G37/$C37 -> 1.2039683 | L37: =(($B37/$L$27)/$L$28)/C37 -> 3.0099206 | M37: =(($B37/$L$27)/$M$28)/C37 -> 2.4079365 | N37: =(($B37/$L$27)/$N$28)/C37 -> 2.0066138 | O37: =(($B37/$L$27)/$O$28)/C37 -> 1.7199546 | P37: =(($B37/$P$27)/$P$28)/C37 -> 3.5115741 | Q37: =(($B37/$P$27)/$Q$28)/C37 -> 2.8092593 | R37: =(($B37/$L$27)/$N$28)/G37 -> 1.6666667 | S37: =(($B37/$P$27)/$S$28)/C37 -> 2.0066138 | AC37: 45 | AD37: =$AC$35/AC37 -> 101.13333 | AE37: =AD37/$AE$35 -> 134.84444
A38: 2011 | B38: 7088 | C38: 103 | D38: =$B$38/D28 -> 177.2 | E38: =$B$38/E28 -> 141.76 | F38: =$B$38/F28 -> 118.13333 | G38: =$B$38/G28 -> 101.25714 | H38: =D38/$C38 -> 1.7203883 | I38: =E38/$C38 -> 1.3763107 | J38: =F38/$C38 -> 1.1469256 | K38: =G38/$C38 -> 0.98307906 | L38: =(($B38/$L$27)/$L$28)/C38 -> 2.4576976 | M38: =(($B38/$L$27)/$M$28)/C38 -> 1.9661581 | N38: =(($B38/$L$27)/$N$28)/C38 -> 1.6384651 | O38: =(($B38/$L$27)/$O$28)/C38 -> 1.4043987 | P38: =(($B38/$P$27)/$P$28)/C38 -> 2.8673139 | Q38: =(($B38/$P$27)/$Q$28)/C38 -> 2.2938511 | R38: =(($B38/$L$27)/$N$28)/G38 -> 1.6666667 | S38: =(($B38/$P$27)/$S$28)/C38 -> 1.6384651 | AC38: 50 | AD38: =$AC$35/AC38 -> 91.02 | AE38: =AD38/$AE$35 -> 121.36
A39: 2012 | B39: =AR11 -> 2752.5 | C39: =MAX(AQ3:AQ7) -> 42 | D39: =$B$39/D28 -> 68.8125 | E39: =$B$39/E28 -> 55.05 | F39: =$B$39/F28 -> 45.875 | G39: =$B$39/G28 -> 39.321429 | H39: =D39/$C39 -> 1.6383929 | I39: =E39/$C39 -> 1.3107143 | J39: =F39/$C39 -> 1.0922619 | K39: =G39/$C39 -> 0.93622449 | L39: =(($B39/$L$27)/$L$28)/C39 -> 2.3405612 | M39: =(($B39/$L$27)/$M$28)/C39 -> 1.872449 | N39: =(($B39/$L$27)/$N$28)/C39 -> 1.5603741 | O39: =(($B39/$L$27)/$O$28)/C39 -> 1.3374636 | P39: =(($B39/$P$27)/$P$28)/C39 -> 2.7306548 | Q39: =(($B39/$P$27)/$Q$28)/C39 -> 2.1845238 | R39: =(($B39/$L$27)/$N$28)/G39 -> 1.6666667 | S39: =(($B39/$P$27)/$S$28)/C39 -> 1.5603741 | AC39: 55 | AD39: =$AC$35/AC39 -> 82.745455 | AE39: =AD39/$AE$35 -> 110.32727 | AH39: =110/2 -> 55 | AI39: 4000 | AJ39: =AI39*AH39 -> 220000 | AK39: =AJ39*0.01 -> 2200
A40: 2013 | B40: =AV11 -> 7461.5 | C40: =MAX(AU4:AU8) -> 89 | D40: =$B$40/D28 -> 186.5375 | E40: =$B$40/E28 -> 149.23 | F40: =$B$40/F28 -> 124.35833 | G40: =$B$40/G28 -> 106.59286 | H40: =D40/$C40 -> 2.095927 | I40: =E40/$C40 -> 1.6767416 | J40: =F40/$C40 -> 1.3972846 | K40: =G40/$C40 -> 1.1976726 | L40: =(($B40/$L$27)/$L$28)/C40 -> 2.9941814 | M40: =(($B40/$L$27)/$M$28)/C40 -> 2.3953451 | N40: =(($B40/$L$27)/$N$28)/C40 -> 1.9961209 | O40: =(($B40/$L$27)/$O$28)/C40 -> 1.7109608 | P40: =(($B40/$P$27)/$P$28)/C40 -> 3.4932116 | Q40: =(($B40/$P$27)/$Q$28)/C40 -> 2.7945693 | R40: =(($B40/$L$27)/$N$28)/G40 -> 1.6666667 | S40: =(($B40/$P$27)/$S$28)/C40 -> 1.9961209 | AC40: 60 | AD40: =$AC$35/AC40 -> 75.85 | AE40: =AD40/$AE$35 -> 101.13333
A41: 2014 | B41: =AZ11 -> 4186 | C41: =MAX(AY3:AY7) -> 68 | D41: =$B$41/D28 -> 104.65 | E41: =$B$41/E28 -> 83.72 | F41: =$B$41/F28 -> 69.766667 | G41: =$B$41/G28 -> 59.8 | H41: =D41/$C41 -> 1.5389706 | I41: =E41/$C41 -> 1.2311765 | J41: =F41/$C41 -> 1.0259804 | K41: =G41/$C41 -> 0.87941176 | L41: =(($B41/$L$27)/$L$28)/C41 -> 2.1985294 | M41: =(($B41/$L$27)/$M$28)/C41 -> 1.7588235 | N41: =(($B41/$L$27)/$N$28)/C41 -> 1.4656863 | O41: =(($B41/$L$27)/$O$28)/C41 -> 1.2563025 | P41: =(($B41/$P$27)/$P$28)/C41 -> 2.564951 | Q41: =(($B41/$P$27)/$Q$28)/C41 -> 2.0519608 | R41: =(($B41/$L$27)/$N$28)/G41 -> 1.6666667 | S41: =(($B41/$P$27)/$S$28)/C41 -> 1.4656863 | AC41: 65 | AD41: =$AC$35/AC41 -> 70.015385 | AE41: =AD41/$AE$35 -> 93.353846
A42: 2015 | B42: =BD11 -> 9130.5 | C42: 109 | D42: =$B$42/D28 -> 228.2625 | E42: =$B$42/E28 -> 182.61 | F42: =$B$42/F28 -> 152.175 | G42: =$B$42/G28 -> 130.43571 | H42: =D42/$C42 -> 2.0941514 | I42: =E42/$C42 -> 1.6753211 | J42: =F42/$C42 -> 1.3961009 | K42: =G42/$C42 -> 1.1966579 | L42: =(($B42/$L$27)/$L$28)/C42 -> 2.9916448 | M42: =(($B42/$L$27)/$M$28)/C42 -> 2.3933159 | N42: =(($B42/$L$27)/$N$28)/C42 -> 1.9944299 | O42: =(($B42/$L$27)/$O$28)/C42 -> 1.7095113 | P42: =(($B42/$P$27)/$P$28)/C42 -> 3.4902523 | Q42: =(($B42/$P$27)/$Q$28)/C42 -> 2.7922018 | R42: =(($B42/$L$27)/$N$28)/G42 -> 1.6666667 | S42: =(($B42/$P$27)/$S$28)/C42 -> 1.9944299 | AK42: =AK39*0.06 -> 132
A43: 2016 | B43: =BH11 -> 7500 | C43: =BG6 -> 96 | D43: =$B$43/D28 -> 187.5 | E43: =$B$43/E28 -> 150 | F43: =$B$43/F28 -> 125 | G43: =$B$43/G28 -> 107.14286 | H43: =D43/$C43 -> 1.953125 | I43: =E43/$C43 -> 1.5625 | J43: =F43/$C43 -> 1.3020833 | K43: =G43/$C43 -> 1.1160714 | L43: =(($B43/$L$27)/$L$28)/C43 -> 2.7901786 | M43: =(($B43/$L$27)/$M$28)/C43 -> 2.2321429 | N43: =(($B43/$L$27)/$N$28)/C43 -> 1.860119 | O43: =(($B43/$L$27)/$O$28)/C43 -> 1.5943878 | P43: =(($B43/$P$27)/$P$28)/C43 -> 3.2552083 | Q43: =(($B43/$P$27)/$Q$28)/C43 -> 2.6041667 | R43: =(($B43/$L$27)/$N$28)/G43 -> 1.6666667 | S43: =(($B43/$P$27)/$S$28)/C43 -> 1.860119
H45: =AVERAGE(H29:H43) -> 1.881222 | I45: =AVERAGE(I29:I43) -> 1.5049776 | J45: =AVERAGE(J29:J43) -> 1.254148 | K45: =AVERAGE(K29:K43) -> 1.074984 | L45: =AVERAGE(L29:L43) -> 2.68746 | M45: =AVERAGE(M29:M43) -> 2.149968 | N45: =AVERAGE(N29:N43) -> 1.79164 | O45: =AVERAGE(O29:O43) -> 1.5356914 | ... S45: =AVERAGE(S29:S43) -> 1.79164

Sheet March 82-06
Q2: End of Englishman River Road to "Big Tent"
A3: March | M3: yr | N3: 8.8 km | O3: 15 km | P3: Peak | Q3: keo surviv | R3: count | S3: 75% eff | T3: smolt calc | V3: 2600 x survi
A4: Survey Date | B4: Mainstem 3 | C4: Mainstem 2 | D4: Mainstem 1 | E4: South Englishman | F4: Total fish | G4: Actual km surveyed | I4: fish/km | J4: Visibility (m) | M4: 1985 | N4: 31.4 | Q4: 25.298099 | R4: =15*N4 -> 471 | S4: =R4/0.75 -> 628 | T4: =S4/U4 -> 2482.4 | U4: =Q4/100 -> 0.25298099 | V4: =2600*U4 -> 657.75056
A5: 38797 | C5: 32 | D5: 17 | F5: 59 | G5: 8.8 | H5: End of Englishman River Road to "Big Tent" | I5: =(C5+D5)/8.8 -> 5.5681818 | M5: 1991 | N5: =42/8.2 -> 5.1219512 | Q5: 3.5526859 | R5: =8.2*N5/0.58 -> 72.413793 | S5: =R5/0.75 -> 96.551724 | T5: =S5/U5 -> 2717.7106 | U5: =Q5/100 -> 0.035526859 | V5: =2600*U5 -> 92.369835
A6: 38796 | B6: 10 | G6: 6.2 | H6: Englishman Falls Pool to the end on Englishman River Road | I6: =B6/6.2 -> 1.6129032 | M6: 1992 | N6: =83/8.2 -> 10.121951 | Q6: 3.0109653 | R6: =8.2*N6/0.58 -> 143.10345 | S6: =R6/0.75 -> 190.8046 | T6: =S6/U6 -> 6336.9909 | U6: =Q6/100 -> 0.030109653 | V6: =2600*U6 -> 78.285098
A7: 38419 | C7: 18 | D7: 3 | F7: 32 | G7: 8.8 | H7: End of Englishman River Road to "Big Tent" | I7: =(C7+D7)/8.8 -> 2.3863636 | M7: 1994 | N7: =17/8.2 -> 2.0731707 | Q7: 2.6400704 | R7: =8.2*N7/0.58 -> 29.310345 | S7: =R7/0.75 -> 39.08046 | T7: =S7/U7 -> 1480.281 | U7: =Q7/100 -> 0.026400704 | V7: =2600*U7 -> 68.64183
A8: 38418 | B8: 10 | G8: 6.2 | H8: Englishman Falls Pool to the end on Englishman River Road | I8: =B8/6.2 -> 1.6129032 | M8: 1995 | N8: =36/8.2 -> 4.3902439 | Q8: 3.9904502 | R8: =8.2*N8/0.58 -> 62.068966 | S8: =R8/0.75 -> 82.758621 | T8: =S8/U8 -> 2073.9169 | U8: =Q8/100 -> 0.039904502 | V8: =2600*U8 -> 103.75171
A9: 38069 | C9: 20 | D9: 1 | F9: 24 | G9: 8.8 | H9: End of Englishman River Road to "Big Tent" | I9: =(C9+D9)/8.8 -> 2.3863636 | M9: 1996 | N9: =30/8.2 -> 3.6585366 | Q9: 2.3684211 | R9: =8.2*N9/0.58 -> 51.724138 | S9: =R9/0.75 -> 68.965517 | T9: =S9/U9 -> 2911.8774 | U9: =Q9/100 -> 0.023684211 | V9: =2600*U9 -> 61.578947
A10: 38068 | B10: 0 | G10: 6.2 | H10: Englishman Falls Pool to the end on Englishman River Road | I10: =B10/6.2 -> 0 | M10: 1999 | N10: =17/8.2 -> 2.0731707 | Q10: 4.5211473 | R10: =8.2*N10/0.58 -> 29.310345 | S10: =R10/0.75 -> 39.08046 | T10: =S10/U10 -> 864.39253 | U10: =Q10/100 -> 0.045211473 | V10: =2600*U10 -> 117.54983
A11: 37687 | C11: 13 | D11: 6 | F11: 21 | G11: 8.8 | H11: End of Englishman River Road to "Big Tent" | I11: =(C11+D11)/8.8 -> 2.1590909 | M11: 2001 | N11: =66/8.2 -> 8.0487805 | Q11: 2.238806 | R11: =8.2*N11/0.58 -> 113.7931 | S11: =R11/0.75 -> 151.72414 | T11: =S11/U11 -> 6777.0115 | U11: =Q11/100 -> 0.02238806 | V11: =2600*U11 -> 58.208955
A12: 37686 | B12: 2 | E12: 0 | G12: 6.2 | H12: Englishman Falls Pool to the end on Englishman River Road | I12: =B12/6.2 -> 0.32258065 | M12: 2002 | N12: =39/8.8 -> 4.4318182 | O12: 50 | P12: 73 | R12: =8.8*N12/0.58 -> 67.241379 | S12: =R12/0.75 -> 89.655172 | T12: =S12/U12 -> #DIV/0! | U12: =Q12/100 -> 0 | V12: =2600*U12 -> 0
A13: March 22, 2002 | E13: 0 | F13: =SUM(B13:E13) -> 0 | G13: 4.5 | H13: #155 Mainline bridge crossing to Englishman confluence | I13: =F13/G13 -> 0 | J13: 5 | M13: 2003 | N13: 2.16 | O13: 21 | P13: 50 | R13: =8.8*N13/0.58 -> 32.772414 | S13: =R13/0.75 -> 43.696552 | T13: =S13/U13 -> #DIV/0! | U13: =Q13/100 -> 0 | V13: =2600*U13 -> 0
A14: March 21, 2002 | D14: 9 | F14: =SUM(B14:E14) -> 9 | G14: 4.2 | H14: Grassy Banks to the Big Tent Run | I14: =F14/G14 -> 2.1428571 | J14: 3 | M14: 2004 | N14: 2.39 | O14: 24 | P14: 45 | R14: =8.8*N14/0.58 -> 36.262069 | S14: =R14/0.75 -> 48.349425 | T14: =S14/U14 -> #DIV/0! | U14: =Q14/100 -> 0 | V14: =2600*U14 -> 0
A15: March 20, 2002 | C15: 30 | F15: =SUM(B15:E15) -> 30 | G15: 4.6 | H15: End of Englishman River Road to "Grassy Bank" | I15: =F15/G15 -> 6.5217391 | J15: 3 | M15: 2005 | N15: 2.39 | O15: 32 | P15: 61 | R15: =8.8*N15/0.58 -> 36.262069 | S15: =R15/0.75 -> 48.349425 | T15: =S15/U15 -> #DIV/0! | U15: =Q15/100 -> 0 | V15: =2600*U15 -> 0
A16: March 20, 2002 | B16: 11 | F16: =SUM(B16:E16) -> 11 | G16: 6.2 | H16: Englishman Falls Pool to the end on Englishman River Road | I16: =F16/G16 -> 1.7741935 | J16: 8 | M16: 2006 | N16: 5.57 | O16: 59 | P16: 62 | R16: =8.8*N16/0.58 -> 84.510345 | S16: =R16/0.75 -> 112.68046 | T16: =S16/U16 -> 1878.0077 | U16: 0.06 | V16: =2600*U16 -> 156
A17: March 09, 2002 | E17: 0 | F17: =SUM(B17:E17) -> 0 | G17: 4.5 | H17: #155 Mainline bridge crossing to Englishman confluence | I17: =F17/G17 -> 0 | J17: 5 | M17: 2007 | N17: =35/8.2 -> 4.2682927 | O17: 50 | P17: 60 | R17: =8.8*N17/0.58 -> 64.760303 | S17: =R17/0.75 -> 86.34707
A18: March 07, 2002 | D18: 11 | F18: =SUM(B18:E18) -> 11 | G18: 4.2 | H18: Grassy Banks to the Big Tent Run | I18: =F18/G18 -> 2.6190476 | J18: 4 | M18: 2008 | N18: =17/8.2 -> 2.0731707 | O18: 18 | P18: 18 | R18: =8.8*N18/0.58 -> 31.455004 | S18: =R18/0.75 -> 41.940006
A19: March 07, 2002 | C19: 29 | F19: =SUM(B19:E19) -> 29 | G19: 4.6 | H19: End of Englishman River Road to "Grassy Bank" | I19: =F19/G19 -> 6.3043478 | J19: 4 | M19: 2009 | N19: =19/8.2 -> 2.3170732 | O19: 24 | R19: =8.8*N19/0.58 -> 35.155593 | S19: =R19/0.75 -> 46.874124
A20: March 06, 2002 | B20: 6 | F20: =SUM(B20:E20) -> 6 | G20: 6.2 | H20: Englishman Falls Pool to the end on Englishman River Road | I20: =F20/G20 -> 0.96774194 | J20: 8
A21: March 13, 2001 | C21: 12 | F21: =SUM(B21:E21) -> 12 | G21: 3.22 | H21: Morison Creek confluence to end of the Long Run | I21: =F21/G21 -> 3.7267081 | J21: 5
A22: March 13, 2001 | C22: 54 | F22: =SUM(B22:E22) -> 54 | G22: 5 | H22: End of the Long Run to the Big Tent Run | I22: =F22/G22 -> 10.8 | J22: 5
A23: March 28, 2000 | C23: 7 | F23: =SUM(B23:E23) -> 7 | G23: 4.18 | H23: 500 m u/s of the South Fork confluence to Allsbrook Canyon | I23: =F23/G23 -> 1.6746411 | J23: 3.5
A24: March 08, 1999 | C24: 7 | F24: =SUM(B24:E24) -> 7 | G24: 4 | H24: Morison Creek to "Grassy Banks" | I24: =F24/G24 -> 1.75 | J24: 3 | M24: 1982 | N24: 13.04 | O24: 30063 | P24: Falls - Allsbrook | S24: 11.57 | T24: =N24*S24 -> 150.8728
A25: March 08, 1999 | D25: 10 | F25: =SUM(B25:E25) -> 10 | G25: 4.2 | H25: "Grassy Banks" to the Big Tent Run | I25: =F25/G25 -> 2.3809524 | M25: 1983 | N25: 19.71 | O25: 30419 | P25: Falls - Allsbrook | S25: 11.57 | T25: =N25*S25 -> 228.0447
A26: March 28, 1996 | C26: 4 | F26: =SUM(B26:E26) -> 4 | G26: 3.22 | H26: Morison Creek confluence to end of the Long Run | I26: =F26/G26 -> 1.242236 | J26: 4 | M26: 1984 | N26: 20.92 | O26: 30774 | P26: Falls - Hootons
A27: March 28, 1996 | C27: 26 | F27: =SUM(B27:E27) -> 26 | G27: 5 | H27: End of the Long Run to the Big Tent Run | I27: =F27/G27 -> 5.2 | J27: 4 | M27: 1985 | N27: 31.4 | O27: 31124 | P27: Falls - Mouth
A28: March 01, 1995 | C28: 19 | F28: =SUM(B28:E28) -> 19 | G28: 3.22 | H28: Morison Creek confluence to end of the Long Run | I28: =F28/G28 -> 5.9006211 | J28: 3.5 | M28: 1986 | N28: 8.6 | O28: 31452 | P28: SF - Hootons, plus Hwy spot check
A29: March 01, 1995 | C29: 17 | F29: =SUM(B29:E29) -> 17 | G29: 5 | H29: End of the Long Run to the Big Tent Run | I29: =F29/G29 -> 3.4 | J29: 3.5 | M29: 1987 | N29: 43.39 | O29: 31863 | P29: Claybanks to Allsbrook
A30: March 28, 1994 | C30: 5 | F30: =SUM(B30:E30) -> 5 | G30: 3.22 | H30: Morison Creek confluence to end of the Long Run | I30: =F30/G30 -> 1.552795 | J30: 3.5 | M30: 1988 | N30: 36.55 | O30: 32197 | P30: Morrison-Allsbrook
A31: March 28, 1994 | C31: 12 | F31: =SUM(B31:E31) -> 12 | G31: 5 | H31: End of the Long Run to the Big Tent Run | I31: =F31/G31 -> 2.4 | J31: 3.5 | M31: 1989 | N31: 9.3 | O31: 32548 | P31: SF Conf-Bypss brgd
A32: March 11, 1992 | C32: 44 | F32: =SUM(B32:E32) -> 44 | G32: 3.22 | H32: Morison Creek confluence to end of the Long Run | I32: =F32/G32 -> 13.664596 | J32: 3.5 | M32: 1990 | N32: 11.96 | O32: 32923 | P32: SF Conf-S Pool (Allsbrook)
A33: March 11, 1992 | C33: 39 | F33: =SUM(B33:E33) -> 39 | G33: 5 | H33: End of the Long Run to the Big Tent Run | I33: =F33/G33 -> 7.8 | M33: 1991 | N33: 5.1 | O33: 33323 | P33: Morrison-Big Tent
A34: March 26, 1991 | C34: 19 | F34: =SUM(B34:E34) -> 19 | G34: 3.22 | H34: Morison Creek confluence to end of the Long Run | I34: =F34/G34 -> 5.9006211 | J34: 7 | M34: 1992 | N34: 17.88 | O34: 33705 | P34: Morrison-Big Tent
A35: March 26, 1991 | C35: 23 | F35: =SUM(B35:E35) -> 23 | G35: 5 | H35: End of the Long Run to the Big Tent Run | I35: =F35/G35 -> 4.6 | J35: 7 | M35: 1993 | N35: 8.8 | O35: 34025 | P35: Morrison-Big Tent
A36: March 01, 1991 | C36: 13 | F36: =SUM(B36:E36) -> 13 | G36: 4.87 | H36: Morison Creek confluence to Allsbrook Canyon | I36: =F36/G36 -> 2.6694045 | J36: 5 | M36: 1994 | N36: 2.07 | O36: 34421 | P36: Morrison-Big Tent
A37: March 01, 1989 | C37: 22 | F37: =SUM(B37:E37) -> 22 | G37: 2.7 | H37: Above powerlines to Hwy 19 bridge (New Hwy) | I37: =F37/G37 -> 8.1481481 | J37: 2 | M37: 1995 | N37: 4.38 | O37: 34759 | P37: Morrison-Big Tent
A38: March 27, 1987 | C38: 164 | F38: =SUM(B38:E38) -> 164 | G38: 3.78 | H38: Claybanks to Allsbrook Canyon | I38: =F38/G38 -> 43.386243 | J38: 5 | M38: 1996 | N38: 3.65 | O38: 35152 | P38: Morrison-Big Tent
A39: March 18, 1985 | B39: 239 | F39: =SUM(B39:E39) -> 239 | G39: 11.57 | H39: Englishman Falls pool to Allsbrook Canyon | I39: =F39/G39 -> 20.656871 | J39: 5 | M39: 1997 | N39: 2.5 | O39: ? | P39: ?
A40: March 18, 1985 | D40: 232 | F40: =SUM(B40:E40) -> 232 | G40: 4.33 | H40: Allsbrook Canyon to the Ocean | I40: =F40/G40 -> 53.579677 | J40: 5 | M40: 1998 | N40: 3.77 | O40: 35913 | P40: Morrison-Big Tent
A41: March 11, 1985 | C41: 212 | F41: =SUM(B41:E41) -> 212 | G41: 4.39 | H41: Claybanks to Hwy 19 bridge (new Hwy) | I41: =F41/G41 -> 48.291572 | J41: 5 | M41: 1999 | N41: 9.31 | O41: 36258 | P41: Eman R Rd to Allsbrook
A42: March 24, 1983 | B42: 151 | F42: =SUM(B42:E42) -> 151 | G42: 11.57 | H42: Englishman Falls pool to Allsbrook Canyon | I42: =F42/G42 -> 13.050994 | J42: 5 | M42: 2000 | N42: 1.8 | O42: 36628 | P42: Morrison-Big Tent
A43: March 31, 1982 | C43: 48 | F43: =SUM(B43:E43) -> 48 | G43: 3.68 | H43: South Fork confluence to Allsbrook Canyon | I43: =F43/G43 -> 13.043478 | J43: 3 | M43: 2001 | N43: 8.03 | O43: 36963 | P43: Morrison-Big Tent
A44: historical swims | B44: 96 | F44: =SUM(B44:E44) -> 96 | G44: 11.57 | H44: Englishman Falls pool to Allsbrook Canyon | I44: =F44/G44 -> 8.2973207 | J44: 5 | M44: 2002 | N44: 4.54 | O44: 37372 | P44: Falls-Mouth
M45: 2003 | N45: 3.1 | O45: 37734 | P45: Falls-Mouth
A46: NOTES: | G46: Mainstem section 3: Englishman Falls Pool to the end on Englishman River Road (6.2 km) | M46: 2004 | N46: 3.6 | O46: 38091 | P46: Falls-Mouth
A47: Mainstems 1, 2 and 3, and South Fork Englishman represent current indexes surveyed. | G47: Mainstem section 2: End of Englishman River Road to "Grassy Bank" (4.6 km) | M47: 2005 | N47: 4.5 | O47: 38457 | P47: Falls-Mouth
G48: Mainstem section 1: "Grassy Banks" to the Big Tent Run (4.2 km) | M48: 2006 | N48: 4.1333333 | O48: 38820 | P48: Falls-Mouth
G49: South Fork Englishman: #155 Mainline bridge crossing to Englishman confluence (4.5 km) | M49: 2007 | N49: 4 | O49: 39192 | P49: Falls-Mouth
M50: 2008 | N50: 1.2 | O50: 39515 | P50: Falls-Mouth
M51: 2009 | N51: 2.5333333 | O51: 39930 | P51: Falls-Mouth
M52: 2010 | N52: 3.6 | O52: 40283 | P52: Falls-Mouth
M53: 2011 | N53: 6.8666667
M54: 2012 | N54: 2.8
M55: 2013 | N55: 6.2
M56: 2014 | N56: 4.5
M57: 2015 | N57: 7.2666667

Sheet Age Structure
A3: Brood Year | D3: Proportion by age at return
C4: P3 | D4: P4 | E4: P5 | F4: P6 | G4: P7 | H4: P8 | K4: 2012
A5: 1982 | C5: 0 | D5: 0.27804077 | E5: 0.41019124 | F5: 0.28359408 | G5: 0.028173913 | H5: 0 | K5: Sex | L5: FW Age | P5: Ocean age | U5: Number Aged | W5: Average Total Age
A6: 1983 | C6: 0 | D6: 0.27804077 | E6: 0.41019124 | F6: 0.28359408 | G6: 0.028173913 | H6: 0 | L6: 2 | M6: 3 | N6: Totals | P6: 1 | Q6: 2 | R6: 3 | S6: 4 | T6: repeat
A7: 1984 | C7: 0 | D7: 0.27804077 | E7: 0.41019124 | F7: 0.28359408 | G7: 0.028173913 | H7: 0 | K7: F | L7: 5 | M7: 1 | N7: =L7+M7 -> 6 | Q7: 6 | R7: 4 | T7: 2 | U7: =S7+R7+Q7+T7 -> 12 | W7: =L10*L6+M10*M6+Q10*Q6+R10*R6+T10*S6 -> 4.75
A8: 1985 | C8: 0 | D8: 0.27804077 | E8: 0.41019124 | F8: 0.28359408 | G8: 0.028173913 | H8: 0 | K8: M | L8: 4 | M8: 2 | N8: =L8+M8 -> 6 | Q8: 8 | R8: 4 | U8: =S8+R8+Q8+T8 -> 12
A9: 1986 | C9: 0 | D9: 0.27804077 | E9: 0.41019124 | F9: 0.28359408 | G9: 0.028173913 | H9: 0 | K9: Number | L9: =SUM(L7:L8) -> 9 | M9: =SUM(M7:M8) -> 3 | N9: =L9+M9 -> 12 | Q9: =Q7+Q8 -> 14 | R9: =R7+R8 -> 8 | T9: =T7+T8 -> 2 | U9: =S9+R9+Q9+T9 -> 24
A10: 1987 | C10: 0 | D10: 0.27804077 | E10: 0.41019124 | F10: 0.28359408 | G10: 0.028173913 | H10: 0 | K10: Percent | L10: =L9/N9 -> 0.75 | M10: =M9/N9 -> 0.25 | Q10: =Q9/U9 -> 0.58333333 | R10: =R9/U9 -> 0.33333333 | T10: =T9/U9 -> 0.083333333 | V10: =(((L10*L6)+(M10*M6)))+((Q10*Q6)+(R10*R6)+(T10*R6)) -> 4.6666667
A11: 1988 | C11: 0 | D11: 0.27804077 | E11: 0.41019124 | F11: 0.28359408 | G11: 0.028173913 | H11: 0
A12: 1989 | C12: 0 | D12: 0.27804077 | E12: 0.41019124 | F12: 0.28359408 | G12: 0.028173913 | H12: 0 | K12: 2013
A13: 1990 | C13: 0 | D13: 0.27804077 | E13: 0.41019124 | F13: 0.28359408 | G13: 0.028173913 | H13: 0 | K13: Sex | L13: FW Age | P13: Ocean age | U13: Number Aged | W13: Average Total Age
A14: 1991 | C14: 0 | D14: 0.27804077 | E14: 0.41019124 | F14: 0.28359408 | G14: 0.028173913 | H14: 0 | L14: 2 | M14: 3 | N14: Totals | P14: 1 | Q14: 2 | R14: 3 | S14: 4 | T14: repeat
A15: 1992 | C15: 0 | D15: 0.27804077 | E15: 0.41019124 | F15: 0.28359408 | G15: 0.028173913 | H15: 0 | K15: F | L15: 2 | M15: 5 | N15: =L15+M15 -> 7 | Q15: 3 | R15: 11 | T15: 4 | U15: =S15+R15+Q15+T15 -> 18 | W15: =L18*L14+M18*M14+Q18*Q14+R18*R14+T18*S14 -> 5.7
A16: 1993 | C16: 0 | D16: 0.27804077 | E16: 0.41019124 | F16: 0.28359408 | G16: 0.028173913 | H16: 0 | K16: M | L16: 1 | M16: 2 | N16: =L16+M16 -> 3 | Q16: 1 | R16: 14 | S16: 1 | T16: 3 | U16: =S16+R16+Q16+T16 -> 19
A17: 1994 | C17: 0 | D17: 0.27804077 | E17: 0.41019124 | F17: 0.28359408 | G17: 0.028173913 | H17: 0 | K17: Number | L17: =SUM(L15:L16) -> 3 | M17: =SUM(M15:M16) -> 7 | N17: =L17+M17 -> 10 | Q17: =Q15+Q16 -> 4 | R17: =R15+R16 -> 25 | S17: 1 | T17: =T15+T16 -> 7 | U17: =S17+R17+Q17+T17 -> 37
A18: 1995 | C18: 0 | D18: 0.27804077 | E18: 0.41019124 | F18: 0.28359408 | G18: 0.028173913 | H18: 0 | K18: Percent | L18: =L17/N17 -> 0.3 | M18: =M17/N17 -> 0.7 | Q18: =Q17/U17 -> 0.10810811 | R18: =R17/U17 -> 0.67567568 | S18: =S17/U17 -> 0.027027027 | T18: =T17/U17 -> 0.18918919 | V18: =(((L18*L14)+(M18*M14)))+((Q18*Q14)+(R18*R14)+(T18*R14)+S18*S14) -> 5.6189189
A19: 1996 | C19: 0 | D19: 0.27804077 | E19: 0.41019124 | F19: 0.28359408 | G19: 0.028173913 | H19: 0
A20: 1997 | C20: 0 | D20: 0.27804077 | E20: 0.41019124 | F20: 0.28359408 | G20: 0.028173913 | H20: 0 | K20: 2014
A21: 1998 | C21: 0 | D21: 0.27804077 | E21: 0.41019124 | F21: 0.28359408 | G21: 0.028173913 | H21: 0 | K21: Sex | L21: FW Age | P21: Ocean age | U21: Number Aged | W21: Average Total Age
A22: 1999 | C22: 0 | D22: 0.27804077 | E22: 0.41019124 | F22: 0.28359408 | G22: 0.028173913 | H22: 0 | L22: 2 | M22: 3 | N22: Totals | P22: 1 | Q22: 2 | R22: 3 | S22: 4 | T22: repeat
A23: 2000 | C23: 0 | D23: 0.27804077 | E23: 0.41019124 | F23: 0.28359408 | G23: 0.028173913 | H23: 0 | K23: F | L23: 7 | M23: 5 | N23: =L23+M23 -> 12 | Q23: 11 | R23: 5 | T23: 3 | U23: =S23+R23+Q23+T23 -> 19 | W23: =L26*L22+M26*M22+Q26*Q22+R26*R22+T26*S22 -> 4.961039
A24: 2001 | C24: 0 | D24: 0.27804077 | E24: 0.41019124 | F24: 0.28359408 | G24: 0.028173913 | H24: 0 | K24: M | L24: 4 | M24: 5 | N24: =L24+M24 -> 9 | Q24: 10 | R24: 3 | T24: 1 | U24: =S24+R24+Q24+T24 -> 14
A25: 2002 | C25: 0 | D25: 0.27804077 | E25: 0.41019124 | F25: 0.28359408 | G25: 0.028173913 | H25: 0 | K25: Number | L25: =SUM(L23:L24) -> 11 | M25: =SUM(M23:M24) -> 10 | N25: =L25+M25 -> 21 | Q25: =Q23+Q24 -> 21 | R25: =R23+R24 -> 8 | T25: =T23+T24 -> 4 | U25: =S25+R25+Q25+T25 -> 33
A26: 2003 | C26: 0 | D26: 0.27804077 | E26: 0.41019124 | F26: 0.28359408 | G26: 0.028173913 | H26: 0 | K26: Percent | L26: =L25/N25 -> 0.52380952 | M26: =M25/N25 -> 0.47619048 | Q26: =Q25/U25 -> 0.63636364 | R26: =R25/U25 -> 0.24242424 | T26: =T25/U25 -> 0.12121212 | V26: =(((L26*L22)+(M26*M22)))+((Q26*Q22)+(R26*R22)+(T26*R22)) -> 4.8398268
A27: 2004 | C27: 0 | D27: 0.27804077 | E27: 0.41019124 | F27: 0.28359408 | G27: 0.028173913 | H27: 0
A28: 2005 | C28: 0 | D28: 0.27804077 | E28: 0.41019124 | F28: 0.28359408 | G28: 0.028173913 | H28: 0 | K28: 2015
A29: 2006 | C29: 0 | D29: 0.27804077 | E29: 0.41019124 | F29: 0.28359408 | G29: 0.028173913 | H29: 0 | K29: Sex | L29: FW Age | P29: Ocean age | U29: Number Aged | W29: Average Total Age
A30: 2007 | C30: 0 | D30: 0.27804077 | E30: 0.41019124 | F30: 0.28359408 | G30: 0.028173913 | H30: 0 | L30: 2 | M30: 3 | N30: Totals | P30: 1 | Q30: 2 | R30: 3 | S30: 4 | T30: repeat
A31: 2008 | C31: 0 | D31: 0.27804077 | E31: 0.41019124 | F31: 0.28359408 | G31: 0.028173913 | H31: 0 | K31: F | L31: 11 | M31: 2 | N31: =L31+M31 -> 13 | Q31: 8 | R31: 8 | T31: 1 | U31: =S31+R31+Q31+T31 -> 17 | W31: =L34*L30+M34*M30+Q34*Q30+R34*R30+T34*S30 -> 4.7335423
A32: 2009 | C32: 0 | D32: 0.27804077 | E32: 0.41019124 | F32: 0.28359408 | G32: 0.028173913 | H32: 0 | K32: M | L32: 7 | M32: 2 | N32: =L32+M32 -> 9 | Q32: 7 | R32: 4 | T32: 1 | U32: =S32+R32+Q32+T32 -> 12
A33: 2010 | C33: 0 | D33: 0.27804077 | E33: 0.41019124 | F33: 0.28359408 | G33: 0.028173913 | H33: 0 | K33: Number | L33: =SUM(L31:L32) -> 18 | M33: =SUM(M31:M32) -> 4 | N33: =L33+M33 -> 22 | Q33: =Q31+Q32 -> 15 | R33: =R31+R32 -> 12 | T33: =T31+T32 -> 2 | U33: =S33+R33+Q33+T33 -> 29
A34: 2011 | C34: 0 | D34: 0.27804077 | E34: 0.41019124 | F34: 0.28359408 | G34: 0.028173913 | H34: 0 | K34: Percent | L34: =L33/N33 -> 0.81818182 | M34: =M33/N33 -> 0.18181818 | Q34: =Q33/U33 -> 0.51724138 | R34: =R33/U33 -> 0.4137931 | T34: =T33/U33 -> 0.068965517 | V34: =(((L34*L30)+(M34*M30)))+((Q34*Q30)+(R34*R30)+(T34*R30)) -> 4.6645768
A35: 2012 | C35: 0 | D35: =7/13 -> 0.53846154 | E35: =4.5/13 -> 0.34615385 | F35: =1.5/13 -> 0.11538462 | G35: 0 | H35: 0
A36: 2013 | C36: 0 | D36: 0 | E36: 0.13 | F36: 0.75 | G36: 0.12 | H36: 0 | K36: 2016
A37: 2014 | C37: 0 | D37: =6/23 -> 0.26086957 | E37: =12.52/23 -> 0.54434783 | F37: =4/23 -> 0.17391304 | G37: =0.48/23 -> 0.020869565 | H37: 0 | K37: Sex | L37: FW Age | P37: Ocean age | U37: Number Aged | W37: Average Total Age
A38: 2015 | C38: 0 | D38: 0.3636 | E38: 0.5 | F38: 0.1364 | G38: 0 | H38: 0 | L38: 2 | M38: 3 | N38: Totals | P38: 1 | Q38: 2 | R38: 3 | S38: 4 | T38: repeat
A39: 2016 | C39: 0 | D39: =5/22 -> 0.22727273 | E39: =11.67/22 -> 0.53045455 | F39: =5.33/22 -> 0.24227273 | G39: 0 | H39: 0 | K39: F | L39: 6 | M39: 5 | N39: =L39+M39 -> 11 | Q39: 5 | R39: 6 | T39: 4 | U39: =S39+R39+Q39+T39 -> 15 | W39: =L42*L38+M42*M38+Q42*Q38+R42*R38+T42*S38 -> 5.0740741
K40: M | L40: 8 | M40: 2 | N40: =L40+M40 -> 10 | Q40: 6 | R40: 6 | T40: 0 | U40: =S40+R40+Q40+T40 -> 12
C41: Green are known age distributions, Red is the average projected back | K41: Number | L41: =SUM(L39:L40) -> 14 | M41: =SUM(M39:M40) -> 7 | N41: =L41+M41 -> 21 | Q41: =Q39+Q40 -> 11 | R41: =R39+R40 -> 12 | T41: =T39+T40 -> 4 | U41: =S41+R41+Q41+T41 -> 27
C42: The distribution has changed from the figures to the right by using only known | K42: Percent | L42: =L41/N41 -> 0.66666667 | M42: =M41/N41 -> 0.33333333 | Q42: =Q41/U41 -> 0.40740741 | R42: =R41/U41 -> 0.44444444 | T42: =T41/U41 -> 0.14814815 | V42: =(((L42*L38)+(M42*M38)))+((Q42*Q38)+(R42*R38)+(T42*R38)) -> 4.9259259
C43: ages and assigning repeats to apropriate brood years
K44: All Years
K45: Sex | L45: FW Age | P45: Ocean age | U45: Number Aged | W45: Average Total Age
L46: 2 | M46: 3 | N46: Totals | P46: 1 | Q46: 2 | R46: 3 | S46: 4 | T46: repeat
K47: F | L47: =SUM(L7,L23,L15,L7) -> 19 | M47: =SUM(M7,M23,M15,M7) -> 12 | N47: =SUM(N7,N23,N15,N7) -> 31 | Q47: =SUM(Q7,Q23,Q15,Q7) -> 26 | R47: =SUM(R7,R23,R15,R7) -> 24 | T47: =SUM(T7,T23,T15,T7) -> 11 | U47: =U39+U31+U23+U15+U7 -> 81 | W47: =L50*L46+M50*M46+Q50*Q46+R50*R46+T50*S46 -> 5.0337984
K48: M | L48: =SUM(L24,L16,L8) -> 9 | M48: =SUM(M24,M16,M8) -> 9 | N48: =SUM(N24,N16,N8) -> 18 | Q48: =SUM(Q24,Q16,Q8) -> 19 | R48: =SUM(R24,R16,R8) -> 21 | S48: =SUM(S24,S16,S8) -> 1 | T48: =SUM(T24,T16,T8) -> 4 | U48: =U40+U32+U24+U16+U8 -> 69
K49: Number | L49: =L41+L33+L25+L17+L9 -> 55 | M49: =M41+M33+M25+M17+M9 -> 31 | N49: =SUM(N25,N17,N9,N33,N41) -> 86 | Q49: =SUM(Q25,Q17,Q9,Q33,Q41) -> 65 | R49: =SUM(R25,R17,R9,R33,R41) -> 65 | S49: =SUM(S25,S17,S9) -> 1 | T49: =SUM(T25,T17,T9,T33,T41) -> 19 | U49: =S49+R49+Q49+T49 -> 150
K50: Percent | L50: =L49/N49 -> 0.63953488 | M50: =M49/N49 -> 0.36046512 | Q50: =Q49/U49 -> 0.43333333 | R50: =R49/U49 -> 0.43333333 | S50: =S49/U49 -> 0.0066666667 | T50: =T49/U49 -> 0.12666667 | V50: =(((L50*L46)+(M50*M46)))+((Q50*Q46)+(R50*R46)+(T50*R46)+S46*S50) -> 4.9337984
